month,town,flat_type,storey_range,floor_area_sqm,lease_commence_date,resale_price,remaining_lease
2023-10,ANG MO KIO,3 ROOM,01 TO 03,67,1979,350000,54 years 10 months
2023-10,ANG MO KIO,3 ROOM,01 TO 03,68,1980,345000,55 years 05 months
2023-10,ANG MO KIO,3 ROOM,01 TO 03,68,1980,340000,55 years 05 months
2023-10,ANG MO KIO,3 ROOM,01 TO 03,82,1984,425000,60 years
2023-10,ANG MO KIO,3 ROOM,01 TO 03,75,1980,355000,55 years 03 months
2023-10,ANG MO KIO,3 ROOM,01 TO 03,68,1980,350000,55 years 05 months
2023-10,ANG MO KIO,3 ROOM,01 TO 03,67,1978,341800,53 years 11 months
2023-10,ANG MO KIO,3 ROOM,01 TO 03,69,1980,350000,56 years
2023-10,ANG MO KIO,3 ROOM,01 TO 03,60,1986,350000,61 years 04 months
2023-10,ANG MO KIO,3 ROOM,01 TO 03,81,1980,425000,55 years 09 months
2023-10,ANG MO KIO,5 ROOM,01 TO 03,119,1979,612000,54 years 08 months
2023-10,ANG MO KIO,5 ROOM,01 TO 03,110,2001,750000,77 years 03 months
2023-10,BEDOK,3 ROOM,01 TO 03,68,1979,380000,55 years 01 month
2023-10,BEDOK,3 ROOM,01 TO 03,67,1978,350000,53 years 08 months
2023-10,BEDOK,3 ROOM,01 TO 03,68,1979,338800,54 years 10 months
2023-10,BEDOK,3 ROOM,01 TO 03,67,1986,412500,61 years 10 months
2023-10,BEDOK,3 ROOM,01 TO 03,65,1972,330000,47 years 11 months
2023-10,BEDOK,4 ROOM,01 TO 03,92,1978,435000,54 years 02 months
2023-10,BEDOK,4 ROOM,01 TO 03,91,1977,468000,52 years 10 months
2023-10,BEDOK,4 ROOM,01 TO 03,92,2005,590000,81 years 03 months
2023-10,BEDOK,4 ROOM,01 TO 03,84,1987,460000,62 years 08 months
2023-10,BEDOK,4 ROOM,01 TO 03,84,1987,480000,62 years 08 months
2023-10,BEDOK,4 ROOM,01 TO 03,105,2000,540000,76 years 02 months
2023-10,BEDOK,4 ROOM,01 TO 03,92,1980,450000,55 years 08 months
2023-10,BEDOK,5 ROOM,01 TO 03,117,1978,565888,53 years 09 months
2023-10,BEDOK,5 ROOM,01 TO 03,117,1978,580000,53 years 09 months
2023-10,BEDOK,EXECUTIVE,01 TO 03,143,1993,850000,69 years 03 months
2023-10,BISHAN,3 ROOM,01 TO 03,65,1988,425000,64 years 02 months
2023-10,BISHAN,3 ROOM,01 TO 03,70,1986,493000,61 years 07 months
2023-10,BISHAN,3 ROOM,01 TO 03,76,1984,490000,60 years 02 months
2023-10,BISHAN,4 ROOM,01 TO 03,88,1988,645000,63 years 07 months
2023-10,BISHAN,4 ROOM,01 TO 03,103,1998,750000,73 years 08 months
2023-10,BISHAN,4 ROOM,01 TO 03,105,1992,688000,67 years 07 months
2023-10,BISHAN,4 ROOM,01 TO 03,95,1984,648000,60 years 02 months
2023-10,BISHAN,5 ROOM,01 TO 03,126,1992,925000,67 years 10 months
2023-10,BUKIT BATOK,3 ROOM,01 TO 03,73,1985,360000,60 years 09 months
2023-10,BUKIT BATOK,3 ROOM,01 TO 03,74,1985,385000,60 years 05 months
2023-10,BUKIT BATOK,3 ROOM,01 TO 03,64,1988,338800,63 years 07 months
2023-10,BUKIT BATOK,3 ROOM,01 TO 03,67,1984,372500,60 years 02 months
2023-10,BUKIT BATOK,3 ROOM,01 TO 03,68,2019,425000,94 years 06 months
2023-10,BUKIT BATOK,4 ROOM,01 TO 03,103,1997,593000,72 years 11 months
2023-10,BUKIT BATOK,4 ROOM,01 TO 03,92,1998,515000,73 years 07 months
2023-10,BUKIT BATOK,4 ROOM,01 TO 03,104,1986,500000,62 years 01 month
2023-10,BUKIT BATOK,4 ROOM,01 TO 03,120,1985,575000,60 years 09 months
2023-10,BUKIT BATOK,4 ROOM,01 TO 03,92,2019,580000,94 years 05 months
2023-10,BUKIT BATOK,4 ROOM,01 TO 03,93,2019,565000,94 years 06 months
2023-10,BUKIT BATOK,5 ROOM,01 TO 03,122,1986,595000,62 years 01 month
2023-10,BUKIT BATOK,5 ROOM,01 TO 03,112,2019,680000,94 years 04 months
2023-10,BUKIT BATOK,EXECUTIVE,01 TO 03,146,1985,795000,60 years 04 months
2023-10,BUKIT MERAH,3 ROOM,01 TO 03,88,1973,720000,48 years 05 months
2023-10,BUKIT MERAH,4 ROOM,01 TO 03,100,2001,815000,77 years 02 months
2023-10,BUKIT MERAH,4 ROOM,01 TO 03,93,2018,828000,94 years 03 months
2023-10,BUKIT MERAH,5 ROOM,01 TO 03,119,1999,760000,74 years 06 months
2023-10,BUKIT PANJANG,4 ROOM,01 TO 03,93,2016,500000,92 years 03 months
2023-10,BUKIT PANJANG,4 ROOM,01 TO 03,103,1988,450000,64 years 02 months
2023-10,BUKIT PANJANG,4 ROOM,01 TO 03,91,2003,438000,78 years 03 months
2023-10,BUKIT PANJANG,5 ROOM,01 TO 03,122,1998,630000,74 years 01 month
2023-10,CHOA CHU KANG,4 ROOM,01 TO 03,107,1996,533000,71 years 07 months
2023-10,CHOA CHU KANG,5 ROOM,01 TO 03,110,2002,498000,77 years 06 months
2023-10,CHOA CHU KANG,5 ROOM,01 TO 03,113,2018,575000,93 years 04 months
2023-10,CHOA CHU KANG,5 ROOM,01 TO 03,112,2017,635000,92 years 11 months
2023-10,CLEMENTI,3 ROOM,01 TO 03,68,1980,345000,55 years 11 months
2023-10,CLEMENTI,4 ROOM,01 TO 03,92,1978,525000,53 years 04 months
2023-10,GEYLANG,3 ROOM,01 TO 03,60,1967,305000,42 years 04 months
2023-10,GEYLANG,3 ROOM,01 TO 03,56,1969,280000,44 years 04 months
2023-10,GEYLANG,3 ROOM,01 TO 03,55,1969,290000,44 years 04 months
2023-10,GEYLANG,3 ROOM,01 TO 03,64,1985,358000,60 years 11 months
2023-10,GEYLANG,4 ROOM,01 TO 03,102,1998,740000,73 years 08 months
2023-10,GEYLANG,4 ROOM,01 TO 03,83,2000,500000,75 years 08 months
2023-10,HOUGANG,3 ROOM,01 TO 03,68,2019,452500,94 years 09 months
2023-10,HOUGANG,3 ROOM,01 TO 03,66,1982,354000,57 years 03 months
2023-10,HOUGANG,3 ROOM,01 TO 03,71,1986,395000,61 years 09 months
2023-10,HOUGANG,3 ROOM,01 TO 03,64,1989,373000,64 years 09 months
2023-10,HOUGANG,3 ROOM,01 TO 03,60,1985,355000,61 years
2023-10,HOUGANG,3 ROOM,01 TO 03,64,1989,370000,64 years 10 months
2023-10,HOUGANG,3 ROOM,01 TO 03,74,1984,402000,59 years 04 months
2023-10,HOUGANG,3 ROOM,01 TO 03,74,1987,390000,63 years 01 month
2023-10,HOUGANG,3 ROOM,01 TO 03,67,2014,510000,90 years 02 months
2023-10,HOUGANG,3 ROOM,01 TO 03,67,2016,470000,91 years 05 months
2023-10,HOUGANG,4 ROOM,01 TO 03,94,2019,550000,95 years 03 months
2023-10,HOUGANG,4 ROOM,01 TO 03,96,1985,488888,61 years 03 months
2023-10,HOUGANG,4 ROOM,01 TO 03,104,1992,510000,68 years
2023-10,HOUGANG,4 ROOM,01 TO 03,98,1986,490000,61 years 09 months
2023-10,HOUGANG,4 ROOM,01 TO 03,89,1988,458000,64 years 05 months
2023-10,HOUGANG,4 ROOM,01 TO 03,92,2016,625000,91 years 06 months
2023-10,HOUGANG,4 ROOM,01 TO 03,92,2016,530000,91 years 05 months
2023-10,HOUGANG,4 ROOM,01 TO 03,104,1992,510000,68 years
2023-10,HOUGANG,4 ROOM,01 TO 03,100,1998,520000,73 years 10 months
2023-10,HOUGANG,4 ROOM,01 TO 03,106,1985,600000,60 years 07 months
2023-10,HOUGANG,5 ROOM,01 TO 03,110,2003,535000,78 years 08 months
2023-10,HOUGANG,5 ROOM,01 TO 03,137,1983,780000,58 years 06 months
2023-10,HOUGANG,5 ROOM,01 TO 03,121,1984,605000,60 years 03 months
2023-10,HOUGANG,5 ROOM,01 TO 03,121,1999,590000,75 years 02 months
2023-10,HOUGANG,5 ROOM,01 TO 03,131,1984,615000,60 years 03 months
2023-10,HOUGANG,EXECUTIVE,01 TO 03,146,1990,875000,66 years 02 months
2023-10,HOUGANG,EXECUTIVE,01 TO 03,150,1985,830000,60 years 06 months
2023-10,JURONG EAST,3 ROOM,01 TO 03,67,1983,368000,58 years 10 months
2023-10,JURONG EAST,3 ROOM,01 TO 03,67,1984,355000,59 years 10 months
2023-10,JURONG EAST,3 ROOM,01 TO 03,64,2014,388000,89 years 05 months
2023-10,JURONG EAST,4 ROOM,01 TO 03,94,1984,458426,59 years 10 months
2023-10,JURONG EAST,4 ROOM,01 TO 03,104,1984,430000,59 years 05 months
2023-10,JURONG EAST,4 ROOM,01 TO 03,106,1984,420000,60 years 01 month
2023-10,JURONG EAST,4 ROOM,01 TO 03,99,1981,425000,56 years 09 months
2023-10,JURONG WEST,3 ROOM,01 TO 03,66,1974,298000,50 years 01 month
2023-10,JURONG WEST,3 ROOM,01 TO 03,74,1985,350000,60 years 09 months
2023-10,JURONG WEST,3 ROOM,01 TO 03,73,1984,367000,59 years 11 months
2023-10,JURONG WEST,3 ROOM,01 TO 03,74,1986,365000,61 years 08 months
2023-10,JURONG WEST,4 ROOM,01 TO 03,106,1984,460000,60 years
2023-10,JURONG WEST,4 ROOM,01 TO 03,101,1998,455000,73 years 10 months
2023-10,JURONG WEST,4 ROOM,01 TO 03,111,1995,490000,70 years 10 months
2023-10,JURONG WEST,4 ROOM,01 TO 03,103,1990,440000,66 years 02 months
2023-10,JURONG WEST,5 ROOM,01 TO 03,111,2002,480000,77 years 06 months
2023-10,JURONG WEST,5 ROOM,01 TO 03,110,2008,545000,83 years 09 months
2023-10,JURONG WEST,5 ROOM,01 TO 03,123,1989,508000,64 years 08 months
2023-10,JURONG WEST,EXECUTIVE,01 TO 03,146,1992,720000,67 years 11 months
2023-10,KALLANG/WHAMPOA,3 ROOM,01 TO 03,59,1974,330000,49 years 06 months
2023-10,KALLANG/WHAMPOA,4 ROOM,01 TO 03,107,1996,760000,72 years 02 months
2023-10,KALLANG/WHAMPOA,4 ROOM,01 TO 03,90,2006,730000,82 years 01 month
2023-10,KALLANG/WHAMPOA,5 ROOM,01 TO 03,120,1999,850000,74 years 09 months
2023-10,KALLANG/WHAMPOA,EXECUTIVE,01 TO 03,146,1994,990000,70 years 03 months
2023-10,MARINE PARADE,3 ROOM,01 TO 03,65,1975,385000,50 years 09 months
2023-10,PASIR RIS,4 ROOM,01 TO 03,104,1988,526000,64 years
2023-10,PASIR RIS,4 ROOM,01 TO 03,106,1989,520000,64 years 10 months
2023-10,PASIR RIS,4 ROOM,01 TO 03,103,1989,540000,64 years 06 months
2023-10,PASIR RIS,5 ROOM,01 TO 03,122,1995,650000,70 years 10 months
2023-10,PASIR RIS,5 ROOM,01 TO 03,122,1989,600000,64 years 10 months
2023-10,PASIR RIS,5 ROOM,01 TO 03,120,1990,640000,65 years 07 months
2023-10,PASIR RIS,EXECUTIVE,01 TO 03,143,1992,870000,68 years 03 months
2023-10,PASIR RIS,EXECUTIVE,01 TO 03,149,1996,885000,71 years 09 months
2023-10,PUNGGOL,3 ROOM,01 TO 03,68,2017,442000,93 years
2023-10,PUNGGOL,3 ROOM,01 TO 03,68,2018,430000,94 years 03 months
2023-10,PUNGGOL,3 ROOM,01 TO 03,68,2018,450000,94 years 03 months
2023-10,PUNGGOL,4 ROOM,01 TO 03,93,2017,545000,92 years 08 months
2023-10,PUNGGOL,4 ROOM,01 TO 03,93,2012,525000,87 years 10 months
2023-10,PUNGGOL,4 ROOM,01 TO 03,93,2013,590000,88 years 10 months
2023-10,PUNGGOL,4 ROOM,01 TO 03,94,2011,606888,86 years 06 months
2023-10,PUNGGOL,4 ROOM,01 TO 03,93,2018,550000,94 years 03 months
2023-10,PUNGGOL,5 ROOM,01 TO 03,111,2003,528000,79 years 02 months
2023-10,PUNGGOL,5 ROOM,01 TO 03,110,2003,560000,79 years 01 month
2023-10,PUNGGOL,5 ROOM,01 TO 03,113,2016,699000,91 years 04 months
2023-10,PUNGGOL,5 ROOM,01 TO 03,110,2002,570000,78 years 02 months
2023-10,PUNGGOL,5 ROOM,01 TO 03,121,2019,860000,94 years 06 months
2023-10,QUEENSTOWN,3 ROOM,01 TO 03,65,1975,367000,50 years 10 months
2023-10,QUEENSTOWN,3 ROOM,01 TO 03,65,1975,355000,50 years 10 months
2023-10,QUEENSTOWN,3 ROOM,01 TO 03,59,1975,350000,50 years 09 months
2023-10,QUEENSTOWN,3 ROOM,01 TO 03,72,1970,369000,45 years 10 months
2023-10,QUEENSTOWN,4 ROOM,01 TO 03,96,2011,828000,86 years 11 months
2023-10,QUEENSTOWN,5 ROOM,01 TO 03,117,1977,685000,52 years 03 months
2023-10,SEMBAWANG,4 ROOM,01 TO 03,93,2018,545000,93 years 06 months
2023-10,SEMBAWANG,4 ROOM,01 TO 03,93,2018,525000,93 years 10 months
2023-10,SEMBAWANG,4 ROOM,01 TO 03,93,2018,545000,93 years 10 months
2023-10,SEMBAWANG,5 ROOM,01 TO 03,110,2001,525000,76 years 11 months
2023-10,SENGKANG,4 ROOM,01 TO 03,92,2019,550000,94 years 08 months
2023-10,SENGKANG,4 ROOM,01 TO 03,92,2017,618000,92 years 08 months
2023-10,SENGKANG,4 ROOM,01 TO 03,102,1999,500000,75 years 03 months
2023-10,SENGKANG,4 ROOM,01 TO 03,102,1999,460000,74 years 04 months
2023-10,SENGKANG,4 ROOM,01 TO 03,92,2004,490000,79 years 09 months
2023-10,SENGKANG,4 ROOM,01 TO 03,92,2015,512000,90 years 07 months
2023-10,SENGKANG,4 ROOM,01 TO 03,90,2003,475000,78 years 11 months
2023-10,SENGKANG,4 ROOM,01 TO 03,90,2001,480000,76 years 10 months
2023-10,SENGKANG,4 ROOM,01 TO 03,95,2000,480000,75 years 11 months
2023-10,SENGKANG,4 ROOM,01 TO 03,101,1999,500000,74 years 05 months
2023-10,SENGKANG,4 ROOM,01 TO 03,93,2010,600000,85 years 08 months
2023-10,SENGKANG,5 ROOM,01 TO 03,112,2004,516000,79 years 06 months
2023-10,SENGKANG,5 ROOM,01 TO 03,111,2003,540000,78 years 11 months
2023-10,SENGKANG,EXECUTIVE,01 TO 03,125,2003,675000,78 years 08 months
2023-10,SENGKANG,EXECUTIVE,01 TO 03,140,1998,735000,74 years 03 months
2023-10,SERANGOON,3 ROOM,01 TO 03,67,1985,390000,60 years 05 months
2023-10,SERANGOON,3 ROOM,01 TO 03,67,1985,382500,60 years 05 months
2023-10,SERANGOON,4 ROOM,01 TO 03,91,1984,558000,60 years 01 month
2023-10,SERANGOON,4 ROOM,01 TO 03,104,1992,560000,68 years 01 month
2023-10,SERANGOON,EXECUTIVE,01 TO 03,154,1989,1078888,64 years 09 months
2023-10,TAMPINES,3 ROOM,01 TO 03,77,1984,430000,59 years 10 months
2023-10,TAMPINES,3 ROOM,01 TO 03,73,1984,400000,60 years 03 months
2023-10,TAMPINES,4 ROOM,01 TO 03,93,2015,630000,90 years 10 months
2023-10,TAMPINES,4 ROOM,01 TO 03,104,1985,520000,61 years 01 month
2023-10,TAMPINES,4 ROOM,01 TO 03,100,1997,558000,73 years 01 month
2023-10,TAMPINES,4 ROOM,01 TO 03,93,1984,525000,60 years 03 months
2023-10,TAMPINES,4 ROOM,01 TO 03,84,1984,505000,60 years 03 months
2023-10,TAMPINES,4 ROOM,01 TO 03,84,1986,510000,62 years 03 months
2023-10,TAMPINES,4 ROOM,01 TO 03,109,1984,565000,59 years 10 months
2023-10,TAMPINES,5 ROOM,01 TO 03,122,1989,635000,64 years 04 months
2023-10,TAMPINES,5 ROOM,01 TO 03,122,1988,638000,63 years 06 months
2023-10,TAMPINES,5 ROOM,01 TO 03,126,1994,638000,70 years 02 months
2023-10,TAMPINES,5 ROOM,01 TO 03,124,1993,650000,68 years 10 months
2023-10,TAMPINES,5 ROOM,01 TO 03,108,2014,856000,89 years 08 months
2023-10,TAMPINES,5 ROOM,01 TO 03,121,1985,625000,60 years 06 months
2023-10,TAMPINES,5 ROOM,01 TO 03,130,1995,600000,70 years 11 months
2023-10,TAMPINES,5 ROOM,01 TO 03,120,1997,650000,72 years 05 months
2023-10,TAMPINES,EXECUTIVE,01 TO 03,154,1988,935000,64 years
2023-10,TAMPINES,EXECUTIVE,01 TO 03,150,1995,786000,71 years 02 months
2023-10,TOA PAYOH,3 ROOM,01 TO 03,67,1971,380000,46 years 10 months
2023-10,TOA PAYOH,3 ROOM,01 TO 03,65,1972,340000,47 years 10 months
2023-10,TOA PAYOH,3 ROOM,01 TO 03,65,1967,348888,42 years 09 months
2023-10,TOA PAYOH,3 ROOM,01 TO 03,67,1972,400000,47 years 10 months
2023-10,TOA PAYOH,4 ROOM,01 TO 03,104,1989,600000,64 years 07 months
2023-10,TOA PAYOH,4 ROOM,01 TO 03,87,1973,427000,48 years 10 months
2023-10,TOA PAYOH,5 ROOM,01 TO 03,122,1988,730000,64 years 02 months
2023-10,TOA PAYOH,EXECUTIVE,01 TO 03,146,1988,830000,63 years 10 months
2023-10,WOODLANDS,3 ROOM,01 TO 03,68,1981,303000,56 years 09 months
2023-10,WOODLANDS,4 ROOM,01 TO 03,105,1996,547000,72 years 01 month
2023-10,WOODLANDS,4 ROOM,01 TO 03,100,1997,500000,72 years 08 months
2023-10,WOODLANDS,4 ROOM,01 TO 03,103,1998,470000,73 years 06 months
2023-10,WOODLANDS,4 ROOM,01 TO 03,104,1999,515000,74 years 11 months
2023-10,WOODLANDS,4 ROOM,01 TO 03,100,2000,473000,75 years 11 months
2023-10,WOODLANDS,4 ROOM,01 TO 03,100,1996,490000,72 years 03 months
2023-10,WOODLANDS,4 ROOM,01 TO 03,99,1997,475000,73 years
2023-10,WOODLANDS,4 ROOM,01 TO 03,92,2015,555000,90 years 04 months
2023-10,WOODLANDS,4 ROOM,01 TO 03,92,2018,530000,94 years
2023-10,WOODLANDS,4 ROOM,01 TO 03,93,2018,520000,93 years 10 months
2023-10,WOODLANDS,4 ROOM,01 TO 03,106,1995,498000,71 years 02 months
2023-10,WOODLANDS,5 ROOM,01 TO 03,123,1998,550000,73 years 04 months
2023-10,WOODLANDS,5 ROOM,01 TO 03,112,2015,555000,90 years 09 months
2023-10,WOODLANDS,5 ROOM,01 TO 03,120,2000,565000,75 years 05 months
2023-10,WOODLANDS,5 ROOM,01 TO 03,113,2018,625000,94 years
2023-10,WOODLANDS,5 ROOM,01 TO 03,115,2003,530000,78 years 04 months
2023-10,WOODLANDS,EXECUTIVE,01 TO 03,173,1995,818000,70 years 07 months
2023-10,YISHUN,3 ROOM,01 TO 03,68,2018,400000,93 years 03 months
2023-10,YISHUN,3 ROOM,01 TO 03,72,1984,390000,59 years 09 months
2023-10,YISHUN,3 ROOM,01 TO 03,74,1983,360000,58 years 09 months
2023-10,YISHUN,3 ROOM,01 TO 03,67,1985,368000,60 years 04 months
2023-10,YISHUN,3 ROOM,01 TO 03,64,1987,360000,62 years 11 months
2023-10,YISHUN,4 ROOM,01 TO 03,84,1987,400000,63 years 02 months
2023-10,YISHUN,4 ROOM,01 TO 03,96,1985,460000,60 years 08 months
2023-10,YISHUN,4 ROOM,01 TO 03,89,1987,435000,62 years 04 months
2023-10,YISHUN,4 ROOM,01 TO 03,104,1985,478000,61 years
2023-10,YISHUN,4 ROOM,01 TO 03,84,1985,418000,61 years 01 month
2023-10,YISHUN,4 ROOM,01 TO 03,88,1987,453000,63 years 03 months
2023-10,YISHUN,5 ROOM,01 TO 03,113,2018,635000,93 years 07 months
2023-10,YISHUN,5 ROOM,01 TO 03,134,1985,610000,61 years 03 months
2023-10,ANG MO KIO,3 ROOM,04 TO 06,73,1977,412000,52 years 08 months
2023-10,ANG MO KIO,3 ROOM,04 TO 06,67,1979,390000,54 years 07 months
2023-10,ANG MO KIO,3 ROOM,04 TO 06,67,1984,370000,59 years 05 months
2023-10,ANG MO KIO,3 ROOM,04 TO 06,67,1976,380000,51 years 06 months
2023-10,ANG MO KIO,3 ROOM,04 TO 06,74,1978,428888,53 years 08 months
2023-10,ANG MO KIO,3 ROOM,04 TO 06,60,1986,350000,61 years 04 months
2023-10,ANG MO KIO,3 ROOM,04 TO 06,75,1980,380000,56 years 03 months
2023-10,ANG MO KIO,3 ROOM,04 TO 06,67,1978,388000,53 years 11 months
2023-10,ANG MO KIO,3 ROOM,04 TO 06,68,1981,382000,56 years 07 months
2023-10,ANG MO KIO,3 ROOM,04 TO 06,67,1980,360000,55 years 09 months
2023-10,ANG MO KIO,3 ROOM,04 TO 06,68,1980,360000,55 years 11 months
2023-10,ANG MO KIO,3 ROOM,04 TO 06,68,2018,485000,93 years 06 months
2023-10,ANG MO KIO,4 ROOM,04 TO 06,91,1980,518000,55 years 09 months
2023-10,ANG MO KIO,4 ROOM,04 TO 06,91,1980,580000,55 years 08 months
2023-10,ANG MO KIO,4 ROOM,04 TO 06,95,2001,726000,77 years 01 month
2023-10,BEDOK,3 ROOM,04 TO 06,68,1980,368000,55 years 04 months
2023-10,BEDOK,3 ROOM,04 TO 06,68,1980,383000,55 years 08 months
2023-10,BEDOK,3 ROOM,04 TO 06,68,2018,548888,94 years 04 months
2023-10,BEDOK,3 ROOM,04 TO 06,63,1988,370000,64 years 01 month
2023-10,BEDOK,3 ROOM,04 TO 06,74,1982,380000,58 years
2023-10,BEDOK,4 ROOM,04 TO 06,92,1979,470000,54 years 11 months
2023-10,BEDOK,4 ROOM,04 TO 06,93,2018,740000,94 years 04 months
2023-10,BEDOK,4 ROOM,04 TO 06,103,1987,565000,62 years 09 months
2023-10,BEDOK,4 ROOM,04 TO 06,84,1986,428000,62 years 02 months
2023-10,BEDOK,4 ROOM,04 TO 06,91,1981,518888,56 years 06 months
2023-10,BEDOK,4 ROOM,04 TO 06,93,2016,739000,92 years 02 months
2023-10,BEDOK,5 ROOM,04 TO 06,126,1982,630000,57 years 08 months
2023-10,BEDOK,5 ROOM,04 TO 06,122,1985,700888,61 years 03 months
2023-10,BEDOK,5 ROOM,04 TO 06,128,1996,710000,72 years 02 months
2023-10,BISHAN,4 ROOM,04 TO 06,86,1987,570000,62 years 05 months
2023-10,BUKIT BATOK,3 ROOM,04 TO 06,73,1985,355000,60 years 09 months
2023-10,BUKIT BATOK,3 ROOM,04 TO 06,73,1984,372888,59 years 10 months
2023-10,BUKIT BATOK,3 ROOM,04 TO 06,64,1988,365000,63 years 10 months
2023-10,BUKIT BATOK,3 ROOM,04 TO 06,68,1984,370000,59 years 06 months
2023-10,BUKIT BATOK,3 ROOM,04 TO 06,67,2019,427000,94 years 06 months
2023-10,BUKIT BATOK,3 ROOM,04 TO 06,67,1984,368000,60 years 04 months
2023-10,BUKIT BATOK,3 ROOM,04 TO 06,67,2019,420000,94 years 06 months
2023-10,BUKIT BATOK,3 ROOM,04 TO 06,73,1984,365000,60 years 03 months
2023-10,BUKIT BATOK,4 ROOM,04 TO 06,92,1998,496888,73 years 08 months
2023-10,BUKIT BATOK,4 ROOM,04 TO 06,92,1998,476000,73 years 09 months
2023-10,BUKIT BATOK,4 ROOM,04 TO 06,94,1987,505000,63 years 01 month
2023-10,BUKIT BATOK,4 ROOM,04 TO 06,84,1987,442000,62 years 04 months
2023-10,BUKIT BATOK,4 ROOM,04 TO 06,93,2019,600000,94 years 06 months
2023-10,BUKIT BATOK,4 ROOM,04 TO 06,93,2019,562000,94 years 06 months
2023-10,BUKIT BATOK,4 ROOM,04 TO 06,92,2019,600000,94 years 05 months
2023-10,BUKIT BATOK,4 ROOM,04 TO 06,93,2019,598000,95 years
2023-10,BUKIT BATOK,5 ROOM,04 TO 06,113,2020,745000,95 years 05 months
2023-10,BUKIT BATOK,5 ROOM,04 TO 06,112,2017,770000,92 years 10 months
2023-10,BUKIT BATOK,5 ROOM,04 TO 06,115,2019,728000,94 years 06 months
2023-10,BUKIT BATOK,5 ROOM,04 TO 06,112,2019,720000,94 years 05 months
2023-10,BUKIT BATOK,EXECUTIVE,04 TO 06,150,1985,820000,60 years 09 months
2023-10,BUKIT MERAH,3 ROOM,04 TO 06,59,1971,348000,46 years 10 months
2023-10,BUKIT MERAH,3 ROOM,04 TO 06,69,2013,690888,88 years 08 months
2023-10,BUKIT MERAH,3 ROOM,04 TO 06,65,1975,320000,50 years 07 months
2023-10,BUKIT MERAH,3 ROOM,04 TO 06,65,1975,365000,50 years 04 months
2023-10,BUKIT MERAH,3 ROOM,04 TO 06,67,1978,388000,53 years 04 months
2023-10,BUKIT MERAH,3 ROOM,04 TO 06,68,2018,586000,94 years 03 months
2023-10,BUKIT MERAH,3 ROOM,04 TO 06,88,1973,715000,48 years 03 months
2023-10,BUKIT MERAH,4 ROOM,04 TO 06,90,2002,878000,78 years 03 months
2023-10,BUKIT MERAH,4 ROOM,04 TO 06,74,1970,470000,45 years 10 months
2023-10,BUKIT MERAH,4 ROOM,04 TO 06,92,2002,756000,78 years 04 months
2023-10,BUKIT MERAH,4 ROOM,04 TO 06,93,2017,856000,92 years 08 months
2023-10,BUKIT PANJANG,3 ROOM,04 TO 06,73,1988,370000,64 years 02 months
2023-10,BUKIT PANJANG,3 ROOM,04 TO 06,67,2015,410000,90 years 09 months
2023-10,BUKIT PANJANG,4 ROOM,04 TO 06,103,1989,538000,64 years 07 months
2023-10,BUKIT PANJANG,4 ROOM,04 TO 06,103,1988,500000,63 years 10 months
2023-10,BUKIT PANJANG,4 ROOM,04 TO 06,103,1987,480000,63 years
2023-10,BUKIT PANJANG,4 ROOM,04 TO 06,93,2012,520000,88 years 02 months
2023-10,BUKIT PANJANG,4 ROOM,04 TO 06,92,2015,520000,90 years 10 months
2023-10,BUKIT PANJANG,5 ROOM,04 TO 06,127,1988,550000,63 years 08 months
2023-10,BUKIT TIMAH,4 ROOM,04 TO 06,104,1988,750000,63 years 10 months
2023-10,CHOA CHU KANG,3 ROOM,04 TO 06,73,1989,380000,64 years 11 months
2023-10,CHOA CHU KANG,4 ROOM,04 TO 06,92,2017,525888,93 years 01 month
2023-10,CHOA CHU KANG,4 ROOM,04 TO 06,102,1999,485000,74 years 10 months
2023-10,CHOA CHU KANG,4 ROOM,04 TO 06,108,1992,485000,67 years 10 months
2023-10,CHOA CHU KANG,4 ROOM,04 TO 06,100,1997,475000,72 years 06 months
2023-10,CHOA CHU KANG,4 ROOM,04 TO 06,92,2013,500000,88 years 09 months
2023-10,CHOA CHU KANG,4 ROOM,04 TO 06,114,1995,510000,70 years 08 months
2023-10,CHOA CHU KANG,4 ROOM,04 TO 06,108,1996,460000,71 years 08 months
2023-10,CHOA CHU KANG,4 ROOM,04 TO 06,104,1984,451000,60 years 01 month
2023-10,CHOA CHU KANG,5 ROOM,04 TO 06,113,2017,623000,92 years 08 months
2023-10,CHOA CHU KANG,EXECUTIVE,04 TO 06,145,1993,770000,68 years 09 months
2023-10,CLEMENTI,3 ROOM,04 TO 06,69,2017,620000,92 years 11 months
2023-10,CLEMENTI,4 ROOM,04 TO 06,96,2013,790000,89 years
2023-10,CLEMENTI,4 ROOM,04 TO 06,100,2013,803000,89 years
2023-10,CLEMENTI,4 ROOM,04 TO 06,92,1979,560000,54 years 05 months
2023-10,CLEMENTI,5 ROOM,04 TO 06,117,1978,738000,53 years 06 months
2023-10,GEYLANG,3 ROOM,04 TO 06,76,1975,380000,50 years 11 months
2023-10,GEYLANG,4 ROOM,04 TO 06,92,1980,538000,56 years
2023-10,HOUGANG,3 ROOM,04 TO 06,68,2019,460000,95 years 03 months
2023-10,HOUGANG,3 ROOM,04 TO 06,68,2019,430000,94 years 09 months
2023-10,HOUGANG,3 ROOM,04 TO 06,67,1983,346000,58 years 05 months
2023-10,HOUGANG,3 ROOM,04 TO 06,67,1985,372000,60 years 04 months
2023-10,HOUGANG,3 ROOM,04 TO 06,82,1982,425000,58 years 01 month
2023-10,HOUGANG,3 ROOM,04 TO 06,60,1988,338000,63 years 08 months
2023-10,HOUGANG,3 ROOM,04 TO 06,69,1987,395000,62 years 04 months
2023-10,HOUGANG,3 ROOM,04 TO 06,60,1985,370000,60 years 11 months
2023-10,HOUGANG,3 ROOM,04 TO 06,64,1987,358000,62 years 04 months
2023-10,HOUGANG,4 ROOM,04 TO 06,93,2019,589000,95 years
2023-10,HOUGANG,4 ROOM,04 TO 06,92,2019,555000,95 years
2023-10,HOUGANG,4 ROOM,04 TO 06,93,2019,560000,94 years 11 months
2023-10,HOUGANG,4 ROOM,04 TO 06,93,2019,560000,94 years 09 months
2023-10,HOUGANG,4 ROOM,04 TO 06,103,1983,550000,59 years
2023-10,HOUGANG,4 ROOM,04 TO 06,84,1986,470288,61 years 11 months
2023-10,HOUGANG,4 ROOM,04 TO 06,102,1997,505000,73 years 01 month
2023-10,HOUGANG,4 ROOM,04 TO 06,101,1998,538000,73 years 03 months
2023-10,HOUGANG,4 ROOM,04 TO 06,104,1992,550000,68 years
2023-10,HOUGANG,EXECUTIVE,04 TO 06,144,1992,900000,68 years
2023-10,HOUGANG,EXECUTIVE,04 TO 06,148,1987,848888,62 years 10 months
2023-10,JURONG EAST,3 ROOM,04 TO 06,67,1983,370000,58 years 07 months
2023-10,JURONG EAST,3 ROOM,04 TO 06,68,1983,365000,59 years
2023-10,JURONG EAST,3 ROOM,04 TO 06,68,1983,375000,59 years
2023-10,JURONG EAST,4 ROOM,04 TO 06,95,1983,535000,58 years 08 months
2023-10,JURONG EAST,4 ROOM,04 TO 06,103,1984,470000,60 years 01 month
2023-10,JURONG EAST,5 ROOM,04 TO 06,121,1999,645000,74 years 06 months
2023-10,JURONG EAST,EXECUTIVE,04 TO 06,157,1985,800000,60 years 10 months
2023-10,JURONG WEST,3 ROOM,04 TO 06,59,1975,290000,51 years 01 month
2023-10,JURONG WEST,3 ROOM,04 TO 06,59,1978,277000,53 years 10 months
2023-10,JURONG WEST,3 ROOM,04 TO 06,74,1984,400000,59 years 05 months
2023-10,JURONG WEST,3 ROOM,04 TO 06,71,1983,378000,58 years 07 months
2023-10,JURONG WEST,4 ROOM,04 TO 06,93,2019,560000,94 years 09 months
2023-10,JURONG WEST,4 ROOM,04 TO 06,93,2019,550000,94 years 08 months
2023-10,JURONG WEST,4 ROOM,04 TO 06,93,2019,548000,94 years 08 months
2023-10,JURONG WEST,4 ROOM,04 TO 06,104,1984,500000,60 years 01 month
2023-10,JURONG WEST,4 ROOM,04 TO 06,90,2002,438000,77 years 06 months
2023-10,JURONG WEST,4 ROOM,04 TO 06,103,1984,442000,59 years 09 months
2023-10,JURONG WEST,4 ROOM,04 TO 06,106,1985,470000,60 years 07 months
2023-10,JURONG WEST,4 ROOM,04 TO 06,103,1985,460000,60 years 06 months
2023-10,JURONG WEST,4 ROOM,04 TO 06,90,2000,500000,76 years 02 months
2023-10,JURONG WEST,4 ROOM,04 TO 06,86,2002,448000,78 years 01 month
2023-10,JURONG WEST,4 ROOM,04 TO 06,91,2001,480000,77 years 02 months
2023-10,JURONG WEST,4 ROOM,04 TO 06,103,1989,435000,64 years 07 months
2023-10,JURONG WEST,5 ROOM,04 TO 06,113,2015,698000,90 years 07 months
2023-10,JURONG WEST,5 ROOM,04 TO 06,115,2000,615000,76 years
2023-10,JURONG WEST,5 ROOM,04 TO 06,121,1997,585000,72 years 08 months
2023-10,KALLANG/WHAMPOA,3 ROOM,04 TO 06,69,2012,590000,87 years 08 months
2023-10,KALLANG/WHAMPOA,3 ROOM,04 TO 06,63,1981,360000,56 years 04 months
2023-10,KALLANG/WHAMPOA,3 ROOM,04 TO 06,65,1974,335000,49 years 10 months
2023-10,KALLANG/WHAMPOA,3 ROOM,04 TO 06,60,1969,333000,44 years 04 months
2023-10,KALLANG/WHAMPOA,3 ROOM,04 TO 06,67,1984,385000,60 years 02 months
2023-10,KALLANG/WHAMPOA,3 ROOM,04 TO 06,65,1974,325000,49 years 04 months
2023-10,KALLANG/WHAMPOA,5 ROOM,04 TO 06,127,1986,810000,61 years 04 months
2023-10,KALLANG/WHAMPOA,5 ROOM,04 TO 06,137,1983,1050000,58 years 08 months
2023-10,KALLANG/WHAMPOA,5 ROOM,04 TO 06,122,1999,880000,74 years 09 months
2023-10,MARINE PARADE,4 ROOM,04 TO 06,87,1976,555000,51 years 04 months
2023-10,MARINE PARADE,4 ROOM,04 TO 06,87,1976,605000,51 years 03 months
2023-10,PASIR RIS,3 ROOM,04 TO 06,65,2015,570000,90 years 08 months
2023-10,PASIR RIS,4 ROOM,04 TO 06,104,1992,521000,68 years 02 months
2023-10,PASIR RIS,4 ROOM,04 TO 06,103,1989,538888,65 years 03 months
2023-10,PASIR RIS,4 ROOM,04 TO 06,106,1993,535000,68 years 10 months
2023-10,PASIR RIS,4 ROOM,04 TO 06,105,1996,535000,72 years 02 months
2023-10,PASIR RIS,5 ROOM,04 TO 06,120,1995,630000,70 years 10 months
2023-10,PASIR RIS,5 ROOM,04 TO 06,122,1990,735000,65 years 06 months
2023-10,PASIR RIS,EXECUTIVE,04 TO 06,149,1995,728000,70 years 06 months
2023-10,PUNGGOL,3 ROOM,04 TO 06,67,2014,468888,89 years 09 months
2023-10,PUNGGOL,3 ROOM,04 TO 06,73,2013,495000,88 years 05 months
2023-10,PUNGGOL,4 ROOM,04 TO 06,92,2017,560000,92 years 08 months
2023-10,PUNGGOL,4 ROOM,04 TO 06,91,2003,495000,79 years 01 month
2023-10,PUNGGOL,4 ROOM,04 TO 06,92,2017,550000,92 years 07 months
2023-10,PUNGGOL,4 ROOM,04 TO 06,92,2012,588888,88 years 02 months
2023-10,PUNGGOL,4 ROOM,04 TO 06,90,2015,555000,91 years 02 months
2023-10,PUNGGOL,4 ROOM,04 TO 06,93,2013,580000,89 years
2023-10,PUNGGOL,4 ROOM,04 TO 06,90,2004,508000,80 years 02 months
2023-10,PUNGGOL,4 ROOM,04 TO 06,97,2013,720000,88 years 04 months
2023-10,PUNGGOL,4 ROOM,04 TO 06,98,2013,646000,88 years 05 months
2023-10,PUNGGOL,4 ROOM,04 TO 06,90,2007,512000,82 years 11 months
2023-10,PUNGGOL,4 ROOM,04 TO 06,92,2016,585888,91 years 09 months
2023-10,PUNGGOL,4 ROOM,04 TO 06,93,2015,592000,90 years 08 months
2023-10,PUNGGOL,4 ROOM,04 TO 06,92,2014,605000,89 years 07 months
2023-10,PUNGGOL,4 ROOM,04 TO 06,92,2018,555000,93 years 06 months
2023-10,PUNGGOL,4 ROOM,04 TO 06,93,2018,555000,94 years 02 months
2023-10,PUNGGOL,4 ROOM,04 TO 06,96,2019,672500,94 years 06 months
2023-10,PUNGGOL,4 ROOM,04 TO 06,93,2016,585000,92 years 03 months
2023-10,PUNGGOL,5 ROOM,04 TO 06,113,2018,825000,93 years 11 months
2023-10,PUNGGOL,5 ROOM,04 TO 06,110,2004,555000,79 years 07 months
2023-10,PUNGGOL,5 ROOM,04 TO 06,112,2016,820000,91 years 09 months
2023-10,PUNGGOL,5 ROOM,04 TO 06,110,2003,595000,79 years 02 months
2023-10,PUNGGOL,5 ROOM,04 TO 06,113,2013,780000,88 years 04 months
2023-10,PUNGGOL,5 ROOM,04 TO 06,110,2004,555000,80 years 01 month
2023-10,PUNGGOL,5 ROOM,04 TO 06,113,2018,675000,94 years 02 months
2023-10,PUNGGOL,5 ROOM,04 TO 06,114,2018,745000,93 years 05 months
2023-10,PUNGGOL,5 ROOM,04 TO 06,112,2015,782888,90 years 08 months
2023-10,PUNGGOL,5 ROOM,04 TO 06,116,2019,850000,94 years 06 months
2023-10,QUEENSTOWN,3 ROOM,04 TO 06,65,1975,343000,50 years 10 months
2023-10,QUEENSTOWN,3 ROOM,04 TO 06,76,1976,437000,51 years 10 months
2023-10,QUEENSTOWN,3 ROOM,04 TO 06,76,1970,385000,45 years 04 months
2023-10,QUEENSTOWN,4 ROOM,04 TO 06,93,2018,933000,93 years 08 months
2023-10,QUEENSTOWN,4 ROOM,04 TO 06,104,1998,880000,74 years 03 months
2023-10,QUEENSTOWN,4 ROOM,04 TO 06,95,2000,848000,75 years 11 months
2023-10,QUEENSTOWN,EXECUTIVE,04 TO 06,155,1993,958000,68 years 09 months
2023-10,SEMBAWANG,3 ROOM,04 TO 06,67,2018,430000,93 years 10 months
2023-10,SEMBAWANG,3 ROOM,04 TO 06,68,2018,440000,94 years 01 month
2023-10,SEMBAWANG,3 ROOM,04 TO 06,68,2015,420000,90 years 07 months
2023-10,SEMBAWANG,3 ROOM,04 TO 06,68,2019,440000,94 years 08 months
2023-10,SEMBAWANG,4 ROOM,04 TO 06,96,2010,505888,85 years 11 months
2023-10,SEMBAWANG,4 ROOM,04 TO 06,93,2018,560000,93 years 10 months
2023-10,SEMBAWANG,4 ROOM,04 TO 06,93,2018,565000,93 years 09 months
2023-10,SEMBAWANG,4 ROOM,04 TO 06,93,2018,570000,93 years 08 months
2023-10,SEMBAWANG,4 ROOM,04 TO 06,93,2019,530000,94 years 07 months
2023-10,SEMBAWANG,5 ROOM,04 TO 06,118,2001,535000,76 years 11 months
2023-10,SEMBAWANG,5 ROOM,04 TO 06,121,1999,631888,74 years 08 months
2023-10,SENGKANG,3 ROOM,04 TO 06,68,2016,453000,91 years 11 months
2023-10,SENGKANG,4 ROOM,04 TO 06,93,2018,533000,93 years 07 months
2023-10,SENGKANG,4 ROOM,04 TO 06,93,2018,555000,93 years 08 months
2023-10,SENGKANG,4 ROOM,04 TO 06,92,2015,580000,90 years 09 months
2023-10,SENGKANG,4 ROOM,04 TO 06,90,2001,508000,77 years 01 month
2023-10,SENGKANG,4 ROOM,04 TO 06,90,2001,515000,77 years 02 months
2023-10,SENGKANG,4 ROOM,04 TO 06,92,2019,590000,94 years 08 months
2023-10,SENGKANG,4 ROOM,04 TO 06,93,2017,555000,93 years 02 months
2023-10,SENGKANG,4 ROOM,04 TO 06,92,2017,705388,92 years 08 months
2023-10,SENGKANG,4 ROOM,04 TO 06,90,2001,480000,76 years 04 months
2023-10,SENGKANG,4 ROOM,04 TO 06,90,1999,495000,74 years 03 months
2023-10,SENGKANG,4 ROOM,04 TO 06,90,2009,680000,85 years 02 months
2023-10,SENGKANG,5 ROOM,04 TO 06,113,2003,541888,78 years 04 months
2023-10,SENGKANG,5 ROOM,04 TO 06,110,2003,548000,78 years 09 months
2023-10,SENGKANG,5 ROOM,04 TO 06,110,2005,578000,80 years 05 months
2023-10,SENGKANG,5 ROOM,04 TO 06,113,2001,577000,76 years 11 months
2023-10,SENGKANG,5 ROOM,04 TO 06,112,2003,555000,79 years 01 month
2023-10,SENGKANG,5 ROOM,04 TO 06,110,2000,531000,75 years 10 months
2023-10,SENGKANG,5 ROOM,04 TO 06,110,2000,570000,75 years 11 months
2023-10,SERANGOON,4 ROOM,04 TO 06,100,1999,658000,74 years 08 months
2023-10,SERANGOON,5 ROOM,04 TO 06,121,1997,672000,73 years
2023-10,TAMPINES,3 ROOM,04 TO 06,67,1986,420000,61 years 06 months
2023-10,TAMPINES,3 ROOM,04 TO 06,74,1986,420000,61 years 11 months
2023-10,TAMPINES,3 ROOM,04 TO 06,83,1988,450000,63 years 05 months
2023-10,TAMPINES,4 ROOM,04 TO 06,84,1988,500000,63 years 09 months
2023-10,TAMPINES,4 ROOM,04 TO 06,93,2017,640000,92 years 09 months
2023-10,TAMPINES,4 ROOM,04 TO 06,93,2017,690000,92 years 08 months
2023-10,TAMPINES,4 ROOM,04 TO 06,108,1984,548000,59 years 09 months
2023-10,TAMPINES,4 ROOM,04 TO 06,105,1996,530000,71 years 08 months
2023-10,TAMPINES,4 ROOM,04 TO 06,100,1997,540000,72 years 08 months
2023-10,TAMPINES,4 ROOM,04 TO 06,94,2017,668000,92 years 05 months
2023-10,TAMPINES,4 ROOM,04 TO 06,94,2017,660000,92 years 05 months
2023-10,TAMPINES,5 ROOM,04 TO 06,128,1995,665000,70 years 11 months
2023-10,TAMPINES,5 ROOM,04 TO 06,122,1997,640000,72 years 08 months
2023-10,TAMPINES,5 ROOM,04 TO 06,124,1993,625000,68 years 11 months
2023-10,TAMPINES,5 ROOM,04 TO 06,120,1997,665000,72 years 07 months
2023-10,TAMPINES,5 ROOM,04 TO 06,134,1984,740000,60 years
2023-10,TAMPINES,EXECUTIVE,04 TO 06,146,1988,920000,63 years 10 months
2023-10,TAMPINES,EXECUTIVE,04 TO 06,142,1984,940000,60 years 02 months
2023-10,TAMPINES,EXECUTIVE,04 TO 06,147,1996,845088,71 years 04 months
2023-10,TAMPINES,EXECUTIVE,04 TO 06,146,1988,902000,63 years 11 months
2023-10,TOA PAYOH,3 ROOM,04 TO 06,65,1968,353000,43 years 09 months
2023-10,TOA PAYOH,3 ROOM,04 TO 06,66,1970,340000,45 years 04 months
2023-10,TOA PAYOH,3 ROOM,04 TO 06,67,1984,367500,60 years 01 month
2023-10,TOA PAYOH,3 ROOM,04 TO 06,74,1984,490000,59 years 10 months
2023-10,TOA PAYOH,3 ROOM,04 TO 06,64,1972,385000,47 years 10 months
2023-10,TOA PAYOH,3 ROOM,04 TO 06,67,1970,330000,45 years 10 months
2023-10,TOA PAYOH,4 ROOM,04 TO 06,103,1983,575000,59 years 03 months
2023-10,TOA PAYOH,4 ROOM,04 TO 06,76,2009,750000,84 years 07 months
2023-10,TOA PAYOH,5 ROOM,04 TO 06,110,2012,975000,87 years 08 months
2023-10,WOODLANDS,3 ROOM,04 TO 06,60,1985,320000,60 years 04 months
2023-10,WOODLANDS,3 ROOM,04 TO 06,67,2015,418000,90 years 09 months
2023-10,WOODLANDS,3 ROOM,04 TO 06,68,2018,440000,93 years 09 months
2023-10,WOODLANDS,3 ROOM,04 TO 06,73,1993,375000,68 years 07 months
2023-10,WOODLANDS,4 ROOM,04 TO 06,91,1977,395000,53 years 01 month
2023-10,WOODLANDS,4 ROOM,04 TO 06,91,1997,480888,73 years
2023-10,WOODLANDS,4 ROOM,04 TO 06,91,1997,478000,72 years 11 months
2023-10,WOODLANDS,4 ROOM,04 TO 06,92,2015,498000,90 years 09 months
2023-10,WOODLANDS,4 ROOM,04 TO 06,105,2000,517000,76 years 01 month
2023-10,WOODLANDS,4 ROOM,04 TO 06,101,2000,500000,75 years 08 months
2023-10,WOODLANDS,4 ROOM,04 TO 06,100,1997,474000,72 years 10 months
2023-10,WOODLANDS,4 ROOM,04 TO 06,93,2018,528000,93 years 11 months
2023-10,WOODLANDS,4 ROOM,04 TO 06,102,2000,500000,75 years 05 months
2023-10,WOODLANDS,4 ROOM,04 TO 06,93,2018,580000,93 years 08 months
2023-10,WOODLANDS,4 ROOM,04 TO 06,93,2018,538000,93 years 10 months
2023-10,WOODLANDS,4 ROOM,04 TO 06,93,2018,545000,93 years 10 months
2023-10,WOODLANDS,5 ROOM,04 TO 06,124,1978,460000,53 years 08 months
2023-10,WOODLANDS,5 ROOM,04 TO 06,121,1997,640000,72 years 05 months
2023-10,WOODLANDS,5 ROOM,04 TO 06,122,1998,575000,73 years 04 months
2023-10,WOODLANDS,5 ROOM,04 TO 06,124,1997,610000,72 years 09 months
2023-10,WOODLANDS,5 ROOM,04 TO 06,113,2018,635000,93 years 10 months
2023-10,WOODLANDS,EXECUTIVE,04 TO 06,143,2000,750000,75 years 05 months
2023-10,WOODLANDS,EXECUTIVE,04 TO 06,153,1996,850000,71 years 06 months
2023-10,YISHUN,3 ROOM,04 TO 06,74,1987,377500,62 years 10 months
2023-10,YISHUN,3 ROOM,04 TO 06,73,1988,373000,63 years 05 months
2023-10,YISHUN,3 ROOM,04 TO 06,74,1983,375000,58 years 09 months
2023-10,YISHUN,3 ROOM,04 TO 06,74,1983,357000,58 years 09 months
2023-10,YISHUN,3 ROOM,04 TO 06,64,1985,340000,61 years
2023-10,YISHUN,3 ROOM,04 TO 06,73,1987,408000,62 years 11 months
2023-10,YISHUN,4 ROOM,04 TO 06,104,1993,450000,68 years 05 months
2023-10,YISHUN,4 ROOM,04 TO 06,92,2015,508000,90 years 06 months
2023-10,YISHUN,4 ROOM,04 TO 06,84,1988,433888,63 years 10 months
2023-10,YISHUN,4 ROOM,04 TO 06,84,1986,420000,62 years 01 month
2023-10,YISHUN,4 ROOM,04 TO 06,93,2018,547000,94 years 01 month
2023-10,YISHUN,4 ROOM,04 TO 06,92,1984,470000,59 years 09 months
2023-10,YISHUN,4 ROOM,04 TO 06,84,1985,438000,60 years 08 months
2023-10,YISHUN,4 ROOM,04 TO 06,109,1983,450000,58 years 10 months
2023-10,YISHUN,4 ROOM,04 TO 06,83,1987,480000,62 years 05 months
2023-10,YISHUN,4 ROOM,04 TO 06,84,1987,468000,62 years 03 months
2023-10,YISHUN,4 ROOM,04 TO 06,104,1985,500000,61 years 01 month
2023-10,YISHUN,5 ROOM,04 TO 06,123,1984,590000,60 years
2023-10,YISHUN,EXECUTIVE,04 TO 06,142,1988,753000,63 years 08 months
2023-10,ANG MO KIO,3 ROOM,07 TO 09,68,1981,360000,56 years 03 months
2023-10,ANG MO KIO,3 ROOM,07 TO 09,68,1980,388000,55 years 05 months
2023-10,ANG MO KIO,3 ROOM,07 TO 09,73,1978,430000,53 years 07 months
2023-10,ANG MO KIO,3 ROOM,07 TO 09,88,1978,530000,53 years 04 months
2023-10,ANG MO KIO,3 ROOM,07 TO 09,68,1980,375000,56 years 02 months
2023-10,ANG MO KIO,3 ROOM,07 TO 09,60,1986,360000,61 years 04 months
2023-10,ANG MO KIO,3 ROOM,07 TO 09,74,1978,415000,53 years 07 months
2023-10,ANG MO KIO,4 ROOM,07 TO 09,91,1980,490000,55 years 11 months
2023-10,ANG MO KIO,4 ROOM,07 TO 09,90,2006,718000,81 years 06 months
2023-10,ANG MO KIO,EXECUTIVE,07 TO 09,164,1980,996000,55 years 05 months
2023-10,BEDOK,3 ROOM,07 TO 09,82,1979,430000,54 years 10 months
2023-10,BEDOK,3 ROOM,07 TO 09,67,1979,340000,54 years 11 months
2023-10,BEDOK,3 ROOM,07 TO 09,67,1979,375000,54 years 08 months
2023-10,BEDOK,3 ROOM,07 TO 09,73,1978,390000,53 years 08 months
2023-10,BEDOK,3 ROOM,07 TO 09,67,1977,375000,52 years 10 months
2023-10,BEDOK,3 ROOM,07 TO 09,68,1979,335000,54 years 11 months
2023-10,BEDOK,3 ROOM,07 TO 09,67,2014,620000,90 years
2023-10,BEDOK,3 ROOM,07 TO 09,68,1982,375000,57 years 08 months
2023-10,BEDOK,3 ROOM,07 TO 09,64,1988,390000,63 years 07 months
2023-10,BEDOK,3 ROOM,07 TO 09,68,1981,375000,56 years 10 months
2023-10,BEDOK,3 ROOM,07 TO 09,65,1976,375000,51 years 05 months
2023-10,BEDOK,4 ROOM,07 TO 09,92,1979,465888,54 years 10 months
2023-10,BEDOK,4 ROOM,07 TO 09,92,1978,470000,54 years 02 months
2023-10,BEDOK,4 ROOM,07 TO 09,95,1980,485000,55 years 07 months
2023-10,BEDOK,4 ROOM,07 TO 09,105,2000,630000,76 years 03 months
2023-10,BEDOK,5 ROOM,07 TO 09,126,1993,770000,68 years 07 months
2023-10,BEDOK,5 ROOM,07 TO 09,133,1983,638000,59 years 01 month
2023-10,BEDOK,EXECUTIVE,07 TO 09,141,1993,895000,68 years 08 months
2023-10,BISHAN,5 ROOM,07 TO 09,121,1987,890000,62 years 08 months
2023-10,BISHAN,EXECUTIVE,07 TO 09,151,1992,1000000,67 years 07 months
2023-10,BUKIT BATOK,3 ROOM,07 TO 09,64,1987,360000,62 years 05 months
2023-10,BUKIT BATOK,3 ROOM,07 TO 09,73,1985,365000,60 years 05 months
2023-10,BUKIT BATOK,3 ROOM,07 TO 09,73,1984,370000,60 years 02 months
2023-10,BUKIT BATOK,3 ROOM,07 TO 09,67,1984,380000,60 years 02 months
2023-10,BUKIT BATOK,3 ROOM,07 TO 09,73,1983,394000,58 years 10 months
2023-10,BUKIT BATOK,3 ROOM,07 TO 09,64,1987,360000,63 years 03 months
2023-10,BUKIT BATOK,3 ROOM,07 TO 09,68,1984,371000,59 years 11 months
2023-10,BUKIT BATOK,4 ROOM,07 TO 09,93,2019,648888,94 years 04 months
2023-10,BUKIT BATOK,4 ROOM,07 TO 09,101,1998,518000,73 years 10 months
2023-10,BUKIT BATOK,4 ROOM,07 TO 09,94,1987,510000,63 years 01 month
2023-10,BUKIT BATOK,4 ROOM,07 TO 09,93,1985,488000,61 years 01 month
2023-10,BUKIT BATOK,4 ROOM,07 TO 09,83,1986,440000,62 years
2023-10,BUKIT BATOK,4 ROOM,07 TO 09,84,1986,465000,62 years 01 month
2023-10,BUKIT BATOK,4 ROOM,07 TO 09,92,2019,600000,94 years 07 months
2023-10,BUKIT BATOK,4 ROOM,07 TO 09,92,2019,623800,94 years 06 months
2023-10,BUKIT BATOK,4 ROOM,07 TO 09,93,2019,635000,94 years 06 months
2023-10,BUKIT BATOK,5 ROOM,07 TO 09,122,1998,670000,73 years 10 months
2023-10,BUKIT BATOK,5 ROOM,07 TO 09,118,2004,693000,80 years 01 month
2023-10,BUKIT BATOK,5 ROOM,07 TO 09,114,2019,728888,95 years
2023-10,BUKIT BATOK,EXECUTIVE,07 TO 09,148,1985,855000,60 years 09 months
2023-10,BUKIT BATOK,EXECUTIVE,07 TO 09,144,1998,888888,73 years 11 months
2023-10,BUKIT BATOK,EXECUTIVE,07 TO 09,144,1997,948000,73 years 03 months
2023-10,BUKIT MERAH,3 ROOM,07 TO 09,60,2003,620000,78 years 04 months
2023-10,BUKIT MERAH,3 ROOM,07 TO 09,72,1980,508000,56 years 02 months
2023-10,BUKIT MERAH,3 ROOM,07 TO 09,63,1975,378000,50 years 09 months
2023-10,BUKIT MERAH,4 ROOM,07 TO 09,80,1970,488000,45 years 10 months
2023-10,BUKIT MERAH,4 ROOM,07 TO 09,100,2002,690000,77 years 04 months
2023-10,BUKIT MERAH,5 ROOM,07 TO 09,137,1980,850000,56 years 03 months
2023-10,BUKIT PANJANG,3 ROOM,07 TO 09,73,1987,375000,63 years 03 months
2023-10,BUKIT PANJANG,4 ROOM,07 TO 09,103,1988,530000,64 years 02 months
2023-10,BUKIT PANJANG,4 ROOM,07 TO 09,85,2002,460000,77 years 06 months
2023-10,BUKIT PANJANG,5 ROOM,07 TO 09,121,1997,600000,72 years 09 months
2023-10,BUKIT PANJANG,5 ROOM,07 TO 09,132,1989,630000,64 years 06 months
2023-10,BUKIT PANJANG,EXECUTIVE,07 TO 09,142,1997,745000,72 years 08 months
2023-10,BUKIT PANJANG,EXECUTIVE,07 TO 09,146,1987,835000,63 years 03 months
2023-10,CHOA CHU KANG,3 ROOM,07 TO 09,82,1979,370000,54 years 06 months
2023-10,CHOA CHU KANG,4 ROOM,07 TO 09,113,1990,550000,65 years 08 months
2023-10,CHOA CHU KANG,4 ROOM,07 TO 09,105,1993,500000,68 years 09 months
2023-10,CHOA CHU KANG,4 ROOM,07 TO 09,104,1992,500000,67 years 10 months
2023-10,CHOA CHU KANG,4 ROOM,07 TO 09,93,2016,558888,91 years 09 months
2023-10,CHOA CHU KANG,4 ROOM,07 TO 09,93,2017,528000,93 years 03 months
2023-10,CHOA CHU KANG,4 ROOM,07 TO 09,93,2017,540000,93 years 02 months
2023-10,CHOA CHU KANG,4 ROOM,07 TO 09,105,1999,495888,75 years 02 months
2023-10,CHOA CHU KANG,4 ROOM,07 TO 09,90,2002,480000,78 years
2023-10,CHOA CHU KANG,4 ROOM,07 TO 09,103,1999,475000,74 years 07 months
2023-10,CHOA CHU KANG,4 ROOM,07 TO 09,113,1998,590000,73 years 04 months
2023-10,CHOA CHU KANG,4 ROOM,07 TO 09,113,1998,550000,73 years 03 months
2023-10,CHOA CHU KANG,4 ROOM,07 TO 09,100,1997,518000,72 years 08 months
2023-10,CHOA CHU KANG,4 ROOM,07 TO 09,100,1998,485000,73 years 04 months
2023-10,CHOA CHU KANG,5 ROOM,07 TO 09,112,2017,658888,92 years 06 months
2023-10,CHOA CHU KANG,5 ROOM,07 TO 09,113,2016,640000,91 years 09 months
2023-10,CHOA CHU KANG,EXECUTIVE,07 TO 09,146,1996,765000,71 years 05 months
2023-10,CLEMENTI,3 ROOM,07 TO 09,67,1979,367000,55 years 02 months
2023-10,CLEMENTI,4 ROOM,07 TO 09,97,1978,555000,53 years 06 months
2023-10,CLEMENTI,4 ROOM,07 TO 09,92,1979,538000,54 years 06 months
2023-10,CLEMENTI,5 ROOM,07 TO 09,105,2014,1030000,90 years 03 months
2023-10,CLEMENTI,EXECUTIVE,07 TO 09,162,1979,1088000,54 years 06 months
2023-10,CLEMENTI,EXECUTIVE,07 TO 09,147,1985,997800,60 years 04 months
2023-10,GEYLANG,3 ROOM,07 TO 09,56,1967,360000,42 years 04 months
2023-10,GEYLANG,3 ROOM,07 TO 09,60,1971,318000,46 years 04 months
2023-10,GEYLANG,3 ROOM,07 TO 09,58,1972,305000,48 years 02 months
2023-10,GEYLANG,3 ROOM,07 TO 09,56,1969,335000,44 years 04 months
2023-10,GEYLANG,4 ROOM,07 TO 09,106,1997,705000,72 years 10 months
2023-10,GEYLANG,4 ROOM,07 TO 09,102,1998,880000,73 years 08 months
2023-10,GEYLANG,4 ROOM,07 TO 09,90,2007,818000,82 years 04 months
2023-10,GEYLANG,5 ROOM,07 TO 09,122,1985,610000,61 years 01 month
2023-10,HOUGANG,3 ROOM,07 TO 09,88,1978,445000,53 years 08 months
2023-10,HOUGANG,3 ROOM,07 TO 09,64,1986,400000,61 years 09 months
2023-10,HOUGANG,3 ROOM,07 TO 09,60,1988,338500,63 years 08 months
2023-10,HOUGANG,3 ROOM,07 TO 09,64,1986,373000,61 years 10 months
2023-10,HOUGANG,4 ROOM,07 TO 09,93,2019,580000,95 years
2023-10,HOUGANG,4 ROOM,07 TO 09,103,1984,560000,60 years 03 months
2023-10,HOUGANG,4 ROOM,07 TO 09,92,2017,650000,93 years 02 months
2023-10,HOUGANG,4 ROOM,07 TO 09,105,1992,640000,67 years 11 months
2023-10,HOUGANG,5 ROOM,07 TO 09,123,1984,600000,59 years 09 months
2023-10,HOUGANG,5 ROOM,07 TO 09,131,1990,720000,66 years 01 month
2023-10,HOUGANG,5 ROOM,07 TO 09,121,1987,645000,62 years 08 months
2023-10,HOUGANG,5 ROOM,07 TO 09,115,1999,615000,74 years 08 months
2023-10,HOUGANG,EXECUTIVE,07 TO 09,144,1992,865000,67 years 11 months
2023-10,JURONG EAST,3 ROOM,07 TO 09,68,1985,325000,61 years
2023-10,JURONG EAST,4 ROOM,07 TO 09,87,1987,495000,63 years 02 months
2023-10,JURONG EAST,4 ROOM,07 TO 09,92,1984,510000,59 years 11 months
2023-10,JURONG EAST,4 ROOM,07 TO 09,99,1981,455000,56 years 10 months
2023-10,JURONG EAST,5 ROOM,07 TO 09,118,1985,635000,60 years 07 months
2023-10,JURONG EAST,5 ROOM,07 TO 09,132,1983,560000,58 years 10 months
2023-10,JURONG WEST,3 ROOM,07 TO 09,59,1978,292000,53 years 10 months
2023-10,JURONG WEST,3 ROOM,07 TO 09,67,1985,375000,61 years 01 month
2023-10,JURONG WEST,4 ROOM,07 TO 09,104,1997,515000,73 years 01 month
2023-10,JURONG WEST,4 ROOM,07 TO 09,102,1998,550000,73 years 06 months
2023-10,JURONG WEST,4 ROOM,07 TO 09,104,1985,500000,60 years 06 months
2023-10,JURONG WEST,4 ROOM,07 TO 09,91,2001,505000,76 years 11 months
2023-10,JURONG WEST,4 ROOM,07 TO 09,91,2001,525000,77 years
2023-10,JURONG WEST,4 ROOM,07 TO 09,107,1993,478000,68 years 11 months
2023-10,JURONG WEST,4 ROOM,07 TO 09,104,1989,460000,64 years 09 months
2023-10,JURONG WEST,4 ROOM,07 TO 09,105,1989,464000,64 years 10 months
2023-10,JURONG WEST,5 ROOM,07 TO 09,112,2015,695000,90 years 03 months
2023-10,JURONG WEST,5 ROOM,07 TO 09,121,1985,605000,60 years 09 months
2023-10,JURONG WEST,5 ROOM,07 TO 09,110,2002,590000,77 years 11 months
2023-10,JURONG WEST,5 ROOM,07 TO 09,111,2000,630000,76 years 01 month
2023-10,JURONG WEST,5 ROOM,07 TO 09,115,2001,578000,76 years 06 months
2023-10,JURONG WEST,5 ROOM,07 TO 09,109,2000,618000,76 years 02 months
2023-10,JURONG WEST,5 ROOM,07 TO 09,112,2006,588000,81 years 08 months
2023-10,KALLANG/WHAMPOA,3 ROOM,07 TO 09,60,1982,415000,58 years 01 month
2023-10,KALLANG/WHAMPOA,3 ROOM,07 TO 09,60,1969,300000,44 years 04 months
2023-10,KALLANG/WHAMPOA,3 ROOM,07 TO 09,65,1981,395000,56 years 04 months
2023-10,KALLANG/WHAMPOA,3 ROOM,07 TO 09,65,1974,360000,49 years 06 months
2023-10,KALLANG/WHAMPOA,3 ROOM,07 TO 09,65,1974,325000,49 years 04 months
2023-10,MARINE PARADE,4 ROOM,07 TO 09,82,1976,625000,51 years 09 months
2023-10,PASIR RIS,4 ROOM,07 TO 09,105,1992,550000,68 years 03 months
2023-10,PASIR RIS,5 ROOM,07 TO 09,127,1989,680000,65 years 02 months
2023-10,PASIR RIS,5 ROOM,07 TO 09,125,1995,630000,70 years 04 months
2023-10,PASIR RIS,5 ROOM,07 TO 09,127,1996,728000,72 years 02 months
2023-10,PASIR RIS,5 ROOM,07 TO 09,126,1996,663000,72 years 01 month
2023-10,PASIR RIS,EXECUTIVE,07 TO 09,155,1995,868000,70 years 10 months
2023-10,PASIR RIS,EXECUTIVE,07 TO 09,150,1989,888000,65 years 02 months
2023-10,PASIR RIS,EXECUTIVE,07 TO 09,149,1989,920000,64 years 06 months
2023-10,PUNGGOL,3 ROOM,07 TO 09,68,2017,458000,92 years 07 months
2023-10,PUNGGOL,3 ROOM,07 TO 09,65,2015,428888,91 years 02 months
2023-10,PUNGGOL,3 ROOM,07 TO 09,73,2013,520000,88 years 06 months
2023-10,PUNGGOL,3 ROOM,07 TO 09,67,2014,470000,89 years 08 months
2023-10,PUNGGOL,3 ROOM,07 TO 09,68,2017,480888,92 years 11 months
2023-10,PUNGGOL,4 ROOM,07 TO 09,92,2017,618888,92 years 08 months
2023-10,PUNGGOL,4 ROOM,07 TO 09,85,2004,498000,79 years 07 months
2023-10,PUNGGOL,4 ROOM,07 TO 09,93,2018,645088,93 years 11 months
2023-10,PUNGGOL,4 ROOM,07 TO 09,90,2015,560000,91 years 04 months
2023-10,PUNGGOL,4 ROOM,07 TO 09,90,2015,585000,91 years 03 months
2023-10,PUNGGOL,4 ROOM,07 TO 09,93,2012,575000,87 years 10 months
2023-10,PUNGGOL,4 ROOM,07 TO 09,95,2014,605000,89 years 07 months
2023-10,PUNGGOL,4 ROOM,07 TO 09,93,2016,645000,92 years
2023-10,PUNGGOL,4 ROOM,07 TO 09,92,2016,610000,91 years 09 months
2023-10,PUNGGOL,4 ROOM,07 TO 09,93,2018,570000,94 years 01 month
2023-10,PUNGGOL,5 ROOM,07 TO 09,113,2018,758000,93 years 11 months
2023-10,PUNGGOL,5 ROOM,07 TO 09,113,2018,800000,93 years 10 months
2023-10,PUNGGOL,5 ROOM,07 TO 09,110,2003,608000,79 years 02 months
2023-10,PUNGGOL,5 ROOM,07 TO 09,113,2016,860000,92 years
2023-10,PUNGGOL,5 ROOM,07 TO 09,113,2016,780000,91 years 11 months
2023-10,PUNGGOL,5 ROOM,07 TO 09,112,2014,738888,89 years 08 months
2023-10,PUNGGOL,5 ROOM,07 TO 09,112,2016,775000,91 years 06 months
2023-10,PUNGGOL,5 ROOM,07 TO 09,112,2016,768000,91 years 08 months
2023-10,PUNGGOL,5 ROOM,07 TO 09,116,2019,910000,94 years 06 months
2023-10,PUNGGOL,5 ROOM,07 TO 09,123,2019,880000,94 years 06 months
2023-10,QUEENSTOWN,3 ROOM,07 TO 09,60,1967,340000,42 years 04 months
2023-10,QUEENSTOWN,3 ROOM,07 TO 09,68,2018,680000,93 years 08 months
2023-10,QUEENSTOWN,3 ROOM,07 TO 09,67,2013,623888,88 years 07 months
2023-10,QUEENSTOWN,4 ROOM,07 TO 09,95,2002,850000,77 years 07 months
2023-10,SEMBAWANG,4 ROOM,07 TO 09,94,2010,485000,85 years 11 months
2023-10,SEMBAWANG,4 ROOM,07 TO 09,93,2018,610000,93 years 05 months
2023-10,SEMBAWANG,4 ROOM,07 TO 09,93,2018,590000,94 years 01 month
2023-10,SEMBAWANG,4 ROOM,07 TO 09,93,2018,588888,93 years 09 months
2023-10,SEMBAWANG,4 ROOM,07 TO 09,93,2018,580000,94 years 01 month
2023-10,SEMBAWANG,4 ROOM,07 TO 09,93,2018,568000,93 years 10 months
2023-10,SEMBAWANG,4 ROOM,07 TO 09,93,2019,576000,94 years 07 months
2023-10,SEMBAWANG,4 ROOM,07 TO 09,93,2019,582888,94 years 07 months
2023-10,SEMBAWANG,5 ROOM,07 TO 09,113,2018,738000,93 years 04 months
2023-10,SEMBAWANG,5 ROOM,07 TO 09,110,2001,628000,77 years 01 month
2023-10,SEMBAWANG,5 ROOM,07 TO 09,113,2018,728888,93 years 04 months
2023-10,SEMBAWANG,5 ROOM,07 TO 09,110,2000,525000,75 years 11 months
2023-10,SEMBAWANG,EXECUTIVE,07 TO 09,140,1998,735000,74 years 03 months
2023-10,SENGKANG,3 ROOM,07 TO 09,67,2015,500000,90 years 10 months
2023-10,SENGKANG,4 ROOM,07 TO 09,92,2015,621000,91 years 02 months
2023-10,SENGKANG,4 ROOM,07 TO 09,88,2002,518888,78 years
2023-10,SENGKANG,4 ROOM,07 TO 09,92,2017,700000,93 years 02 months
2023-10,SENGKANG,4 ROOM,07 TO 09,93,2017,610388,93 years 02 months
2023-10,SENGKANG,4 ROOM,07 TO 09,90,2009,715000,84 years 11 months
2023-10,SENGKANG,4 ROOM,07 TO 09,90,2009,750000,84 years 09 months
2023-10,SENGKANG,4 ROOM,07 TO 09,85,2000,505000,75 years 08 months
2023-10,SENGKANG,4 ROOM,07 TO 09,85,2001,555000,76 years 04 months
2023-10,SENGKANG,4 ROOM,07 TO 09,91,2003,500000,79 years 01 month
2023-10,SENGKANG,4 ROOM,07 TO 09,93,2015,540000,90 years 06 months
2023-10,SENGKANG,4 ROOM,07 TO 09,94,2003,465000,79 years 01 month
2023-10,SENGKANG,4 ROOM,07 TO 09,93,2017,580000,92 years 07 months
2023-10,SENGKANG,4 ROOM,07 TO 09,93,2010,710000,85 years 08 months
2023-10,SENGKANG,5 ROOM,07 TO 09,110,2002,600000,77 years 04 months
2023-10,SENGKANG,5 ROOM,07 TO 09,111,2003,565000,78 years 05 months
2023-10,SENGKANG,5 ROOM,07 TO 09,110,2003,575000,78 years 09 months
2023-10,SENGKANG,5 ROOM,07 TO 09,110,2003,575000,78 years 09 months
2023-10,SENGKANG,5 ROOM,07 TO 09,121,2001,670000,76 years 10 months
2023-10,SENGKANG,5 ROOM,07 TO 09,113,2015,675000,90 years 10 months
2023-10,SENGKANG,5 ROOM,07 TO 09,113,2016,680000,92 years
2023-10,SENGKANG,5 ROOM,07 TO 09,111,2001,560000,76 years 07 months
2023-10,SENGKANG,EXECUTIVE,07 TO 09,125,2002,782000,77 years 08 months
2023-10,SERANGOON,4 ROOM,07 TO 09,92,1984,579000,60 years 03 months
2023-10,SERANGOON,4 ROOM,07 TO 09,103,1989,770000,64 years 08 months
2023-10,TAMPINES,3 ROOM,07 TO 09,67,2015,485000,90 years 08 months
2023-10,TAMPINES,3 ROOM,07 TO 09,61,2014,600000,89 years 09 months
2023-10,TAMPINES,3 ROOM,07 TO 09,75,1982,423000,57 years 05 months
2023-10,TAMPINES,3 ROOM,07 TO 09,74,1984,415000,60 years 03 months
2023-10,TAMPINES,3 ROOM,07 TO 09,73,1984,423888,59 years 06 months
2023-10,TAMPINES,3 ROOM,07 TO 09,73,1985,420000,60 years 05 months
2023-10,TAMPINES,3 ROOM,07 TO 09,68,2015,475000,91 years
2023-10,TAMPINES,4 ROOM,07 TO 09,105,1994,587000,69 years 06 months
2023-10,TAMPINES,4 ROOM,07 TO 09,93,2017,680888,92 years 08 months
2023-10,TAMPINES,4 ROOM,07 TO 09,103,1984,550000,60 years
2023-10,TAMPINES,4 ROOM,07 TO 09,92,2018,655000,94 years 02 months
2023-10,TAMPINES,4 ROOM,07 TO 09,92,2018,700000,94 years 02 months
2023-10,TAMPINES,4 ROOM,07 TO 09,103,1997,600000,73 years
2023-10,TAMPINES,4 ROOM,07 TO 09,99,1997,550000,72 years 06 months
2023-10,TAMPINES,4 ROOM,07 TO 09,104,1985,578000,60 years 11 months
2023-10,TAMPINES,5 ROOM,07 TO 09,122,1988,725000,63 years 05 months
2023-10,TAMPINES,5 ROOM,07 TO 09,126,1993,675000,68 years 10 months
2023-10,TAMPINES,5 ROOM,07 TO 09,121,1997,638000,72 years 08 months
2023-10,TAMPINES,5 ROOM,07 TO 09,122,1986,630000,61 years 08 months
2023-10,TAMPINES,5 ROOM,07 TO 09,122,1986,655000,61 years 08 months
2023-10,TAMPINES,5 ROOM,07 TO 09,113,2018,810000,94 years 01 month
2023-10,TAMPINES,EXECUTIVE,07 TO 09,142,1989,925000,64 years 08 months
2023-10,TAMPINES,EXECUTIVE,07 TO 09,150,1984,940000,60 years 01 month
2023-10,TAMPINES,EXECUTIVE,07 TO 09,144,1996,830000,71 years 09 months
2023-10,TOA PAYOH,3 ROOM,07 TO 09,66,1973,315000,48 years 10 months
2023-10,TOA PAYOH,3 ROOM,07 TO 09,68,1969,355000,44 years 09 months
2023-10,TOA PAYOH,3 ROOM,07 TO 09,67,1984,385000,60 years 01 month
2023-10,TOA PAYOH,3 ROOM,07 TO 09,67,1970,370000,45 years 10 months
2023-10,TOA PAYOH,4 ROOM,07 TO 09,96,1984,524000,60 years 01 month
2023-10,WOODLANDS,3 ROOM,07 TO 09,65,1976,330000,51 years 04 months
2023-10,WOODLANDS,3 ROOM,07 TO 09,68,2018,445000,94 years
2023-10,WOODLANDS,4 ROOM,07 TO 09,100,1997,500388,73 years 02 months
2023-10,WOODLANDS,4 ROOM,07 TO 09,91,1997,480000,72 years 10 months
2023-10,WOODLANDS,4 ROOM,07 TO 09,105,2000,515000,76 years 01 month
2023-10,WOODLANDS,4 ROOM,07 TO 09,104,2000,525000,75 years 09 months
2023-10,WOODLANDS,4 ROOM,07 TO 09,92,2015,548000,90 years 06 months
2023-10,WOODLANDS,4 ROOM,07 TO 09,93,2017,590000,92 years 09 months
2023-10,WOODLANDS,4 ROOM,07 TO 09,92,2018,580000,93 years 11 months
2023-10,WOODLANDS,4 ROOM,07 TO 09,101,1998,482000,73 years 11 months
2023-10,WOODLANDS,4 ROOM,07 TO 09,93,2019,575000,95 years 01 month
2023-10,WOODLANDS,4 ROOM,07 TO 09,119,1993,580000,69 years 03 months
2023-10,WOODLANDS,4 ROOM,07 TO 09,102,1995,470000,71 years 02 months
2023-10,WOODLANDS,5 ROOM,07 TO 09,110,2003,520000,78 years 10 months
2023-10,WOODLANDS,5 ROOM,07 TO 09,115,2000,566888,75 years 08 months
2023-10,WOODLANDS,5 ROOM,07 TO 09,118,1997,560000,73 years
2023-10,WOODLANDS,5 ROOM,07 TO 09,117,1997,586888,72 years 04 months
2023-10,WOODLANDS,5 ROOM,07 TO 09,113,2017,676888,92 years 10 months
2023-10,WOODLANDS,5 ROOM,07 TO 09,121,1997,592500,73 years 02 months
2023-10,WOODLANDS,5 ROOM,07 TO 09,119,1996,585000,72 years 03 months
2023-10,WOODLANDS,5 ROOM,07 TO 09,122,2000,613000,75 years 05 months
2023-10,WOODLANDS,5 ROOM,07 TO 09,120,1999,590000,74 years 11 months
2023-10,WOODLANDS,5 ROOM,07 TO 09,129,1996,655388,71 years 06 months
2023-10,WOODLANDS,EXECUTIVE,07 TO 09,176,1995,850000,70 years 06 months
2023-10,WOODLANDS,EXECUTIVE,07 TO 09,144,1996,833000,71 years 10 months
2023-10,YISHUN,3 ROOM,07 TO 09,64,1987,378000,62 years 05 months
2023-10,YISHUN,3 ROOM,07 TO 09,67,1985,390000,60 years 04 months
2023-10,YISHUN,4 ROOM,07 TO 09,93,2018,595000,94 years 01 month
2023-10,YISHUN,4 ROOM,07 TO 09,93,2019,580000,94 years 10 months
2023-10,YISHUN,4 ROOM,07 TO 09,92,2015,590000,91 years 01 month
2023-10,YISHUN,4 ROOM,07 TO 09,108,1988,528000,63 years 06 months
2023-10,YISHUN,4 ROOM,07 TO 09,105,1985,520000,60 years 05 months
2023-10,YISHUN,4 ROOM,07 TO 09,92,2015,492000,91 years 02 months
2023-10,YISHUN,4 ROOM,07 TO 09,91,1984,535000,59 years 07 months
2023-10,YISHUN,4 ROOM,07 TO 09,107,1988,575000,63 years 06 months
2023-10,YISHUN,4 ROOM,07 TO 09,104,1988,510000,63 years 05 months
2023-10,YISHUN,5 ROOM,07 TO 09,113,2018,700000,94 years 01 month
2023-10,YISHUN,EXECUTIVE,07 TO 09,148,1988,830000,63 years 11 months
2023-10,ANG MO KIO,3 ROOM,10 TO 12,67,1980,405000,55 years 05 months
2023-10,ANG MO KIO,3 ROOM,10 TO 12,67,1980,373000,55 years 09 months
2023-10,ANG MO KIO,3 ROOM,10 TO 12,68,1981,399000,56 years 03 months
2023-10,ANG MO KIO,3 ROOM,10 TO 12,68,1980,428000,55 years 10 months
2023-10,ANG MO KIO,3 ROOM,10 TO 12,75,1980,408888,56 years 02 months
2023-10,ANG MO KIO,4 ROOM,10 TO 12,92,1979,515000,54 years 11 months
2023-10,ANG MO KIO,4 ROOM,10 TO 12,92,1979,485000,55 years 02 months
2023-10,ANG MO KIO,4 ROOM,10 TO 12,98,1978,553000,54 years
2023-10,ANG MO KIO,4 ROOM,10 TO 12,92,1980,500000,55 years 05 months
2023-10,ANG MO KIO,4 ROOM,10 TO 12,92,1980,478000,56 years
2023-10,ANG MO KIO,4 ROOM,10 TO 12,93,1980,538000,55 years 11 months
2023-10,ANG MO KIO,4 ROOM,10 TO 12,92,2018,915000,93 years 10 months
2023-10,ANG MO KIO,4 ROOM,10 TO 12,93,2018,930000,93 years 09 months
2023-10,ANG MO KIO,4 ROOM,10 TO 12,93,2019,930000,94 years 05 months
2023-10,ANG MO KIO,5 ROOM,10 TO 12,110,2001,788000,77 years 01 month
2023-10,ANG MO KIO,5 ROOM,10 TO 12,117,2011,1090000,86 years 10 months
2023-10,ANG MO KIO,EXECUTIVE,10 TO 12,149,1979,960000,54 years 09 months
2023-10,BEDOK,3 ROOM,10 TO 12,67,1978,375000,53 years 06 months
2023-10,BEDOK,3 ROOM,10 TO 12,68,1979,368000,54 years 11 months
2023-10,BEDOK,3 ROOM,10 TO 12,59,1978,365000,53 years 07 months
2023-10,BEDOK,3 ROOM,10 TO 12,68,1980,350000,55 years 04 months
2023-10,BEDOK,3 ROOM,10 TO 12,66,2014,608000,90 years
2023-10,BEDOK,3 ROOM,10 TO 12,68,1981,360000,56 years 10 months
2023-10,BEDOK,4 ROOM,10 TO 12,93,2018,808888,94 years 03 months
2023-10,BEDOK,4 ROOM,10 TO 12,104,1984,552888,59 years 04 months
2023-10,BEDOK,4 ROOM,10 TO 12,91,1985,499800,60 years 09 months
2023-10,BEDOK,4 ROOM,10 TO 12,92,1978,500000,53 years 09 months
2023-10,BEDOK,EXECUTIVE,10 TO 12,144,1993,980000,69 years 03 months
2023-10,BISHAN,4 ROOM,10 TO 12,83,1986,655000,62 years 02 months
2023-10,BISHAN,4 ROOM,10 TO 12,103,1992,735000,67 years 11 months
2023-10,BISHAN,4 ROOM,10 TO 12,108,1992,838000,67 years 10 months
2023-10,BUKIT BATOK,3 ROOM,10 TO 12,69,1985,395000,60 years 09 months
2023-10,BUKIT BATOK,3 ROOM,10 TO 12,59,1985,348000,60 years 04 months
2023-10,BUKIT BATOK,4 ROOM,10 TO 12,93,2019,615000,94 years 06 months
2023-10,BUKIT BATOK,4 ROOM,10 TO 12,113,1989,598000,64 years 05 months
2023-10,BUKIT BATOK,4 ROOM,10 TO 12,103,1985,530000,60 years 06 months
2023-10,BUKIT BATOK,5 ROOM,10 TO 12,113,2019,815000,94 years 04 months
2023-10,BUKIT BATOK,5 ROOM,10 TO 12,118,2004,708000,80 years 01 month
2023-10,BUKIT BATOK,5 ROOM,10 TO 12,115,2019,777888,94 years 06 months
2023-10,BUKIT BATOK,5 ROOM,10 TO 12,114,2019,775000,95 years
2023-10,BUKIT MERAH,3 ROOM,10 TO 12,59,1971,349888,46 years 10 months
2023-10,BUKIT MERAH,3 ROOM,10 TO 12,60,2002,590000,78 years 03 months
2023-10,BUKIT MERAH,3 ROOM,10 TO 12,63,1975,349000,50 years 09 months
2023-10,BUKIT MERAH,3 ROOM,10 TO 12,64,1983,392000,58 years 07 months
2023-10,BUKIT MERAH,3 ROOM,10 TO 12,65,1975,340000,50 years 06 months
2023-10,BUKIT MERAH,3 ROOM,10 TO 12,73,1976,458000,52 years
2023-10,BUKIT MERAH,3 ROOM,10 TO 12,59,1976,378000,51 years 08 months
2023-10,BUKIT MERAH,4 ROOM,10 TO 12,91,1978,580000,53 years 04 months
2023-10,BUKIT MERAH,4 ROOM,10 TO 12,93,2018,820000,94 years 03 months
2023-10,BUKIT MERAH,5 ROOM,10 TO 12,116,2006,860000,81 years 05 months
2023-10,BUKIT MERAH,5 ROOM,10 TO 12,118,1978,838000,53 years 04 months
2023-10,BUKIT PANJANG,4 ROOM,10 TO 12,104,1988,492000,64 years 03 months
2023-10,BUKIT PANJANG,4 ROOM,10 TO 12,84,1988,450000,63 years 08 months
2023-10,BUKIT PANJANG,4 ROOM,10 TO 12,92,2015,560000,91 years 02 months
2023-10,BUKIT PANJANG,5 ROOM,10 TO 12,122,1988,588888,63 years 11 months
2023-10,BUKIT PANJANG,5 ROOM,10 TO 12,120,1998,600000,73 years 07 months
2023-10,BUKIT PANJANG,EXECUTIVE,10 TO 12,150,1989,850888,64 years 05 months
2023-10,BUKIT PANJANG,EXECUTIVE,10 TO 12,142,1988,828000,63 years 08 months
2023-10,CENTRAL AREA,3 ROOM,10 TO 12,59,1977,495000,52 years 05 months
2023-10,CHOA CHU KANG,3 ROOM,10 TO 12,67,2017,465000,93 years
2023-10,CHOA CHU KANG,3 ROOM,10 TO 12,68,2015,417000,90 years 05 months
2023-10,CHOA CHU KANG,3 ROOM,10 TO 12,74,1979,368888,54 years 06 months
2023-10,CHOA CHU KANG,4 ROOM,10 TO 12,92,2017,550000,92 years 07 months
2023-10,CHOA CHU KANG,4 ROOM,10 TO 12,104,1993,490000,68 years 09 months
2023-10,CHOA CHU KANG,4 ROOM,10 TO 12,112,1993,570000,68 years 08 months
2023-10,CHOA CHU KANG,4 ROOM,10 TO 12,92,2013,578000,88 years 10 months
2023-10,CHOA CHU KANG,4 ROOM,10 TO 12,93,2017,550000,93 years 01 month
2023-10,CHOA CHU KANG,4 ROOM,10 TO 12,104,1999,475000,74 years 07 months
2023-10,CHOA CHU KANG,4 ROOM,10 TO 12,90,2002,457500,77 years 07 months
2023-10,CHOA CHU KANG,4 ROOM,10 TO 12,92,2018,512000,93 years 05 months
2023-10,CHOA CHU KANG,4 ROOM,10 TO 12,92,2018,543000,93 years 04 months
2023-10,CHOA CHU KANG,5 ROOM,10 TO 12,122,1999,591680,74 years 07 months
2023-10,CHOA CHU KANG,5 ROOM,10 TO 12,110,2003,510000,78 years 07 months
2023-10,CHOA CHU KANG,5 ROOM,10 TO 12,122,1989,600000,64 years 07 months
2023-10,CHOA CHU KANG,5 ROOM,10 TO 12,132,1995,650000,70 years 05 months
2023-10,CLEMENTI,3 ROOM,10 TO 12,73,2013,598000,89 years
2023-10,CLEMENTI,3 ROOM,10 TO 12,82,1978,515000,53 years 03 months
2023-10,CLEMENTI,3 ROOM,10 TO 12,67,1979,390000,54 years 07 months
2023-10,CLEMENTI,3 ROOM,10 TO 12,68,2017,575000,93 years
2023-10,CLEMENTI,4 ROOM,10 TO 12,82,2014,830000,90 years 03 months
2023-10,CLEMENTI,4 ROOM,10 TO 12,92,1979,515000,54 years 06 months
2023-10,CLEMENTI,5 ROOM,10 TO 12,113,2013,960000,89 years
2023-10,GEYLANG,3 ROOM,10 TO 12,65,1976,390000,51 years 09 months
2023-10,GEYLANG,4 ROOM,10 TO 12,84,1985,505000,60 years 10 months
2023-10,GEYLANG,EXECUTIVE,10 TO 12,146,1986,1060000,61 years 07 months
2023-10,HOUGANG,3 ROOM,10 TO 12,68,2019,490000,95 years 02 months
2023-10,HOUGANG,3 ROOM,10 TO 12,68,2019,480000,94 years 09 months
2023-10,HOUGANG,3 ROOM,10 TO 12,59,1993,370000,68 years 07 months
2023-10,HOUGANG,4 ROOM,10 TO 12,93,2018,550000,94 years 02 months
2023-10,HOUGANG,4 ROOM,10 TO 12,91,1981,518000,57 years 03 months
2023-10,HOUGANG,4 ROOM,10 TO 12,104,1986,530000,62 years 03 months
2023-10,HOUGANG,4 ROOM,10 TO 12,84,1986,465000,61 years 04 months
2023-10,HOUGANG,4 ROOM,10 TO 12,103,1992,560000,68 years
2023-10,HOUGANG,4 ROOM,10 TO 12,103,1997,535000,73 years 02 months
2023-10,HOUGANG,5 ROOM,10 TO 12,113,2017,750000,92 years 10 months
2023-10,JURONG EAST,3 ROOM,10 TO 12,68,1982,373000,57 years 06 months
2023-10,JURONG EAST,3 ROOM,10 TO 12,74,1984,410000,59 years 06 months
2023-10,JURONG EAST,3 ROOM,10 TO 12,68,1985,348000,60 years 11 months
2023-10,JURONG EAST,4 ROOM,10 TO 12,99,1985,520888,60 years 11 months
2023-10,JURONG EAST,4 ROOM,10 TO 12,99,1993,480000,68 years 10 months
2023-10,JURONG EAST,5 ROOM,10 TO 12,120,1981,628000,56 years 11 months
2023-10,JURONG EAST,EXECUTIVE,10 TO 12,144,1998,985000,74 years 03 months
2023-10,JURONG WEST,3 ROOM,10 TO 12,68,2015,410000,90 years 07 months
2023-10,JURONG WEST,3 ROOM,10 TO 12,68,2019,435000,94 years 09 months
2023-10,JURONG WEST,3 ROOM,10 TO 12,68,2019,420000,94 years 08 months
2023-10,JURONG WEST,4 ROOM,10 TO 12,92,1985,485000,60 years 05 months
2023-10,JURONG WEST,4 ROOM,10 TO 12,104,1989,475000,65 years 02 months
2023-10,JURONG WEST,4 ROOM,10 TO 12,105,1985,450000,60 years 08 months
2023-10,JURONG WEST,4 ROOM,10 TO 12,94,1983,491000,58 years 08 months
2023-10,JURONG WEST,4 ROOM,10 TO 12,107,1996,508000,71 years 07 months
2023-10,JURONG WEST,4 ROOM,10 TO 12,101,1997,535000,72 years 07 months
2023-10,JURONG WEST,5 ROOM,10 TO 12,111,2002,520000,77 years 04 months
2023-10,JURONG WEST,5 ROOM,10 TO 12,110,2002,580000,77 years 11 months
2023-10,JURONG WEST,5 ROOM,10 TO 12,110,2000,630000,75 years 11 months
2023-10,JURONG WEST,5 ROOM,10 TO 12,121,1990,600000,66 years 02 months
2023-10,JURONG WEST,5 ROOM,10 TO 12,121,1990,508000,65 years 07 months
2023-10,JURONG WEST,5 ROOM,10 TO 12,110,2008,560000,83 years 11 months
2023-10,JURONG WEST,EXECUTIVE,10 TO 12,130,2000,700000,75 years 11 months
2023-10,JURONG WEST,EXECUTIVE,10 TO 12,154,1995,758888,71 years 01 month
2023-10,KALLANG/WHAMPOA,3 ROOM,10 TO 12,68,1979,400000,55 years 01 month
2023-10,KALLANG/WHAMPOA,3 ROOM,10 TO 12,69,2012,590000,87 years 08 months
2023-10,KALLANG/WHAMPOA,3 ROOM,10 TO 12,62,2004,525000,79 years 09 months
2023-10,KALLANG/WHAMPOA,3 ROOM,10 TO 12,59,1976,368000,51 years 08 months
2023-10,KALLANG/WHAMPOA,3 ROOM,10 TO 12,66,1974,370000,49 years 10 months
2023-10,KALLANG/WHAMPOA,3 ROOM,10 TO 12,66,1981,358000,56 years 09 months
2023-10,MARINE PARADE,5 ROOM,10 TO 12,117,1977,880000,52 years 04 months
2023-10,PASIR RIS,4 ROOM,10 TO 12,104,1989,560000,64 years 06 months
2023-10,PASIR RIS,4 ROOM,10 TO 12,109,1993,535000,68 years 10 months
2023-10,PASIR RIS,5 ROOM,10 TO 12,122,1995,682000,70 years 07 months
2023-10,PASIR RIS,5 ROOM,10 TO 12,128,1988,700000,64 years 02 months
2023-10,PUNGGOL,4 ROOM,10 TO 12,92,2017,590000,92 years 08 months
2023-10,PUNGGOL,4 ROOM,10 TO 12,93,2012,590000,87 years 10 months
2023-10,PUNGGOL,4 ROOM,10 TO 12,90,2016,615000,91 years 09 months
2023-10,PUNGGOL,4 ROOM,10 TO 12,93,2016,638000,92 years
2023-10,PUNGGOL,4 ROOM,10 TO 12,94,2012,620888,88 years 02 months
2023-10,PUNGGOL,4 ROOM,10 TO 12,93,2016,593000,91 years 08 months
2023-10,PUNGGOL,4 ROOM,10 TO 12,92,2016,610000,91 years 06 months
2023-10,PUNGGOL,4 ROOM,10 TO 12,92,2015,620000,90 years 09 months
2023-10,PUNGGOL,4 ROOM,10 TO 12,93,2018,578888,94 years 01 month
2023-10,PUNGGOL,5 ROOM,10 TO 12,110,2005,630000,80 years 04 months
2023-10,PUNGGOL,5 ROOM,10 TO 12,110,2005,590000,80 years 04 months
2023-10,PUNGGOL,5 ROOM,10 TO 12,110,2016,705000,91 years 10 months
2023-10,PUNGGOL,5 ROOM,10 TO 12,113,2018,750000,94 years 02 months
2023-10,PUNGGOL,5 ROOM,10 TO 12,112,2013,808000,88 years 06 months
2023-10,PUNGGOL,5 ROOM,10 TO 12,113,2013,822000,88 years 09 months
2023-10,QUEENSTOWN,3 ROOM,10 TO 12,68,2018,682000,93 years 08 months
2023-10,QUEENSTOWN,3 ROOM,10 TO 12,69,1970,400000,45 years 03 months
2023-10,QUEENSTOWN,3 ROOM,10 TO 12,67,1970,368000,45 years 03 months
2023-10,QUEENSTOWN,3 ROOM,10 TO 12,66,1970,355000,45 years 03 months
2023-10,QUEENSTOWN,4 ROOM,10 TO 12,83,2016,840000,91 years 11 months
2023-10,SEMBAWANG,3 ROOM,10 TO 12,68,2018,420000,94 years 01 month
2023-10,SEMBAWANG,4 ROOM,10 TO 12,95,2001,528000,76 years 08 months
2023-10,SEMBAWANG,4 ROOM,10 TO 12,94,2010,498888,85 years 11 months
2023-10,SEMBAWANG,4 ROOM,10 TO 12,93,2018,590000,93 years 09 months
2023-10,SEMBAWANG,4 ROOM,10 TO 12,93,2018,623888,93 years 08 months
2023-10,SEMBAWANG,4 ROOM,10 TO 12,93,2019,585000,94 years 08 months
2023-10,SEMBAWANG,4 ROOM,10 TO 12,100,1999,503000,74 years 07 months
2023-10,SEMBAWANG,4 ROOM,10 TO 12,90,2004,475000,79 years 11 months
2023-10,SEMBAWANG,5 ROOM,10 TO 12,110,2001,558000,77 years 02 months
2023-10,SEMBAWANG,EXECUTIVE,10 TO 12,143,1998,810000,74 years 01 month
2023-10,SENGKANG,3 ROOM,10 TO 12,68,2013,460000,88 years 05 months
2023-10,SENGKANG,4 ROOM,10 TO 12,92,2015,630000,91 years 03 months
2023-10,SENGKANG,4 ROOM,10 TO 12,92,2019,633888,94 years 08 months
2023-10,SENGKANG,4 ROOM,10 TO 12,90,2009,723000,84 years 10 months
2023-10,SENGKANG,4 ROOM,10 TO 12,94,2001,518000,76 years 11 months
2023-10,SENGKANG,4 ROOM,10 TO 12,93,2016,588000,92 years
2023-10,SENGKANG,4 ROOM,10 TO 12,93,2015,530000,90 years 05 months
2023-10,SENGKANG,4 ROOM,10 TO 12,91,2001,480000,76 years 08 months
2023-10,SENGKANG,4 ROOM,10 TO 12,90,2001,500000,76 years 08 months
2023-10,SENGKANG,4 ROOM,10 TO 12,94,2011,580000,86 years 04 months
2023-10,SENGKANG,4 ROOM,10 TO 12,93,2016,558000,91 years 10 months
2023-10,SENGKANG,5 ROOM,10 TO 12,111,2003,585000,78 years 09 months
2023-10,SENGKANG,5 ROOM,10 TO 12,122,1999,636000,74 years 11 months
2023-10,SENGKANG,5 ROOM,10 TO 12,113,2016,710000,91 years 10 months
2023-10,SENGKANG,5 ROOM,10 TO 12,109,2003,570000,79 years 01 month
2023-10,SENGKANG,5 ROOM,10 TO 12,121,2001,655000,76 years 06 months
2023-10,SENGKANG,5 ROOM,10 TO 12,110,2003,638000,78 years 06 months
2023-10,SENGKANG,EXECUTIVE,10 TO 12,128,2001,720000,77 years 02 months
2023-10,SENGKANG,EXECUTIVE,10 TO 12,130,2003,718000,78 years 04 months
2023-10,SERANGOON,3 ROOM,10 TO 12,69,1985,455000,60 years 05 months
2023-10,SERANGOON,4 ROOM,10 TO 12,104,1985,700000,60 years 10 months
2023-10,SERANGOON,4 ROOM,10 TO 12,93,1984,580000,59 years 10 months
2023-10,SERANGOON,4 ROOM,10 TO 12,89,1986,660000,61 years 04 months
2023-10,SERANGOON,4 ROOM,10 TO 12,98,1986,490000,61 years 04 months
2023-10,SERANGOON,EXECUTIVE,10 TO 12,146,1992,880888,68 years 02 months
2023-10,TAMPINES,3 ROOM,10 TO 12,74,1984,425888,59 years 11 months
2023-10,TAMPINES,3 ROOM,10 TO 12,67,2018,500000,94 years 02 months
2023-10,TAMPINES,4 ROOM,10 TO 12,92,1985,563000,60 years 06 months
2023-10,TAMPINES,4 ROOM,10 TO 12,93,2017,708000,92 years 08 months
2023-10,TAMPINES,4 ROOM,10 TO 12,92,2015,660000,90 years 09 months
2023-10,TAMPINES,4 ROOM,10 TO 12,105,1984,568888,59 years 10 months
2023-10,TAMPINES,4 ROOM,10 TO 12,107,1996,525000,71 years 09 months
2023-10,TAMPINES,4 ROOM,10 TO 12,107,1996,525000,71 years 11 months
2023-10,TAMPINES,4 ROOM,10 TO 12,105,1985,585000,60 years 09 months
2023-10,TAMPINES,4 ROOM,10 TO 12,103,1990,570000,65 years 05 months
2023-10,TAMPINES,4 ROOM,10 TO 12,103,1985,603333,60 years 08 months
2023-10,TAMPINES,5 ROOM,10 TO 12,122,1988,690000,63 years 10 months
2023-10,TAMPINES,5 ROOM,10 TO 12,123,1985,648888,60 years 07 months
2023-10,TAMPINES,5 ROOM,10 TO 12,114,2017,818000,92 years 06 months
2023-10,TOA PAYOH,3 ROOM,10 TO 12,65,1976,345000,52 years 01 month
2023-10,WOODLANDS,3 ROOM,10 TO 12,68,1981,320000,56 years 07 months
2023-10,WOODLANDS,4 ROOM,10 TO 12,84,1988,467888,63 years 07 months
2023-10,WOODLANDS,4 ROOM,10 TO 12,92,2018,535000,94 years
2023-10,WOODLANDS,4 ROOM,10 TO 12,100,1997,495000,72 years 10 months
2023-10,WOODLANDS,4 ROOM,10 TO 12,93,2017,575000,92 years 10 months
2023-10,WOODLANDS,4 ROOM,10 TO 12,92,2018,580000,94 years
2023-10,WOODLANDS,4 ROOM,10 TO 12,101,1998,540000,73 years 10 months
2023-10,WOODLANDS,4 ROOM,10 TO 12,100,1998,495000,73 years 06 months
2023-10,WOODLANDS,4 ROOM,10 TO 12,93,2018,550000,93 years 09 months
2023-10,WOODLANDS,4 ROOM,10 TO 12,91,1987,440000,62 years 03 months
2023-10,WOODLANDS,4 ROOM,10 TO 12,84,1996,420888,71 years 10 months
2023-10,WOODLANDS,4 ROOM,10 TO 12,84,1993,448888,68 years 11 months
2023-10,WOODLANDS,5 ROOM,10 TO 12,112,2013,680000,89 years 02 months
2023-10,WOODLANDS,5 ROOM,10 TO 12,122,1998,590000,73 years 05 months
2023-10,WOODLANDS,5 ROOM,10 TO 12,126,2000,630000,76 years
2023-10,WOODLANDS,5 ROOM,10 TO 12,110,2001,570000,76 years 07 months
2023-10,WOODLANDS,5 ROOM,10 TO 12,119,1996,600000,72 years 01 month
2023-10,WOODLANDS,5 ROOM,10 TO 12,122,1997,565000,73 years
2023-10,WOODLANDS,5 ROOM,10 TO 12,113,2018,720000,93 years 08 months
2023-10,WOODLANDS,5 ROOM,10 TO 12,114,2003,560000,78 years 05 months
2023-10,WOODLANDS,5 ROOM,10 TO 12,120,1998,586000,73 years 07 months
2023-10,WOODLANDS,5 ROOM,10 TO 12,122,1998,605000,73 years 09 months
2023-10,WOODLANDS,5 ROOM,10 TO 12,124,1996,635000,71 years 06 months
2023-10,WOODLANDS,EXECUTIVE,10 TO 12,131,2001,715000,76 years 06 months
2023-10,WOODLANDS,EXECUTIVE,10 TO 12,163,1994,950000,69 years 07 months
2023-10,WOODLANDS,EXECUTIVE,10 TO 12,145,1996,864000,71 years 10 months
2023-10,YISHUN,3 ROOM,10 TO 12,68,2019,460000,94 years 11 months
2023-10,YISHUN,4 ROOM,10 TO 12,92,2012,560000,87 years 10 months
2023-10,YISHUN,4 ROOM,10 TO 12,84,1988,423000,63 years 10 months
2023-10,YISHUN,4 ROOM,10 TO 12,93,2018,570000,93 years 07 months
2023-10,YISHUN,4 ROOM,10 TO 12,93,2018,567000,94 years 01 month
2023-10,YISHUN,4 ROOM,10 TO 12,104,1988,465000,63 years 11 months
2023-10,YISHUN,4 ROOM,10 TO 12,92,2012,537000,87 years 11 months
2023-10,YISHUN,4 ROOM,10 TO 12,96,2016,582300,91 years 04 months
2023-10,YISHUN,4 ROOM,10 TO 12,92,2012,545888,87 years 11 months
2023-10,YISHUN,4 ROOM,10 TO 12,97,2012,568000,87 years 10 months
2023-10,YISHUN,4 ROOM,10 TO 12,103,1987,546000,62 years 11 months
2023-10,YISHUN,4 ROOM,10 TO 12,93,1985,503888,61 years
2023-10,YISHUN,4 ROOM,10 TO 12,93,2013,556000,88 years 11 months
2023-10,YISHUN,4 ROOM,10 TO 12,92,2018,571888,93 years 03 months
2023-10,YISHUN,4 ROOM,10 TO 12,93,2017,560888,92 years 10 months
2023-10,YISHUN,4 ROOM,10 TO 12,84,1987,410000,62 years 11 months
2023-10,YISHUN,5 ROOM,10 TO 12,110,2001,600000,76 years 09 months
2023-10,YISHUN,5 ROOM,10 TO 12,134,1985,656000,60 years 11 months
2023-10,YISHUN,EXECUTIVE,10 TO 12,142,1987,808000,63 years
2023-10,ANG MO KIO,3 ROOM,13 TO 15,74,1979,418000,54 years 11 months
2023-10,ANG MO KIO,4 ROOM,13 TO 15,93,2018,920000,93 years 08 months
2023-10,ANG MO KIO,4 ROOM,13 TO 15,93,2019,930000,94 years 05 months
2023-10,ANG MO KIO,5 ROOM,13 TO 15,123,1977,698888,52 years 11 months
2023-10,BISHAN,5 ROOM,13 TO 15,121,1998,925000,73 years 09 months
2023-10,BUKIT BATOK,4 ROOM,13 TO 15,93,2019,650000,94 years 04 months
2023-10,BUKIT BATOK,4 ROOM,13 TO 15,95,2018,750000,93 years 06 months
2023-10,BUKIT BATOK,4 ROOM,13 TO 15,93,2020,640000,95 years 04 months
2023-10,BUKIT BATOK,4 ROOM,13 TO 15,90,2005,535000,80 years 04 months
2023-10,BUKIT BATOK,4 ROOM,13 TO 15,93,2019,618000,94 years 06 months
2023-10,BUKIT BATOK,4 ROOM,13 TO 15,93,2019,665000,95 years
2023-10,BUKIT BATOK,4 ROOM,13 TO 15,93,2019,658000,95 years
2023-10,BUKIT BATOK,4 ROOM,13 TO 15,92,2019,588888,94 years 06 months
2023-10,BUKIT BATOK,4 ROOM,13 TO 15,92,2019,630000,94 years 05 months
2023-10,BUKIT BATOK,5 ROOM,13 TO 15,113,2019,780000,94 years 05 months
2023-10,BUKIT BATOK,5 ROOM,13 TO 15,114,2019,720000,95 years
2023-10,BUKIT BATOK,5 ROOM,13 TO 15,114,2019,815000,95 years
2023-10,BUKIT MERAH,3 ROOM,13 TO 15,65,1983,408000,58 years 04 months
2023-10,BUKIT MERAH,3 ROOM,13 TO 15,74,1983,418888,58 years 07 months
2023-10,BUKIT MERAH,4 ROOM,13 TO 15,100,2005,888000,81 years 01 month
2023-10,BUKIT MERAH,4 ROOM,13 TO 15,93,2018,870000,94 years 02 months
2023-10,BUKIT MERAH,5 ROOM,13 TO 15,118,1983,1000000,58 years 10 months
2023-10,BUKIT PANJANG,4 ROOM,13 TO 15,93,2016,565888,92 years 03 months
2023-10,BUKIT PANJANG,4 ROOM,13 TO 15,101,1997,635000,73 years 03 months
2023-10,BUKIT PANJANG,4 ROOM,13 TO 15,101,1998,503000,73 years 07 months
2023-10,BUKIT PANJANG,4 ROOM,13 TO 15,90,2002,500000,77 years 07 months
2023-10,BUKIT PANJANG,5 ROOM,13 TO 15,120,1999,765000,74 years 07 months
2023-10,BUKIT TIMAH,3 ROOM,13 TO 15,65,1976,448168,51 years 07 months
2023-10,CHOA CHU KANG,3 ROOM,13 TO 15,68,2015,408600,90 years 05 months
2023-10,CHOA CHU KANG,4 ROOM,13 TO 15,92,2017,595000,93 years
2023-10,CHOA CHU KANG,4 ROOM,13 TO 15,106,1992,508000,67 years 10 months
2023-10,CHOA CHU KANG,4 ROOM,13 TO 15,104,2000,490000,75 years 04 months
2023-10,CHOA CHU KANG,4 ROOM,13 TO 15,104,1999,515000,74 years 07 months
2023-10,CHOA CHU KANG,4 ROOM,13 TO 15,113,1998,575000,73 years 04 months
2023-10,CHOA CHU KANG,EXECUTIVE,13 TO 15,144,1993,800000,68 years 08 months
2023-10,CLEMENTI,4 ROOM,13 TO 15,94,2018,980000,93 years 11 months
2023-10,GEYLANG,3 ROOM,13 TO 15,74,1983,460000,59 years 02 months
2023-10,GEYLANG,3 ROOM,13 TO 15,59,1976,375000,51 years 09 months
2023-10,HOUGANG,3 ROOM,13 TO 15,68,2019,500000,95 years 03 months
2023-10,HOUGANG,4 ROOM,13 TO 15,93,2018,590000,94 years 02 months
2023-10,HOUGANG,4 ROOM,13 TO 15,93,2015,590000,90 years 04 months
2023-10,HOUGANG,4 ROOM,13 TO 15,93,2019,612000,94 years 09 months
2023-10,HOUGANG,4 ROOM,13 TO 15,92,1997,520000,73 years 02 months
2023-10,HOUGANG,4 ROOM,13 TO 15,101,1997,678000,73 years 02 months
2023-10,HOUGANG,4 ROOM,13 TO 15,109,1984,620000,60 years
2023-10,HOUGANG,4 ROOM,13 TO 15,92,2016,685000,91 years 06 months
2023-10,HOUGANG,5 ROOM,13 TO 15,113,2018,783888,94 years 02 months
2023-10,HOUGANG,5 ROOM,13 TO 15,110,2004,582000,79 years 07 months
2023-10,HOUGANG,5 ROOM,13 TO 15,115,1999,650000,74 years 10 months
2023-10,HOUGANG,5 ROOM,13 TO 15,128,1999,756000,74 years 06 months
2023-10,HOUGANG,5 ROOM,13 TO 15,123,1998,750000,73 years 04 months
2023-10,JURONG WEST,3 ROOM,13 TO 15,59,1978,290000,53 years 10 months
2023-10,JURONG WEST,3 ROOM,13 TO 15,68,2014,420000,89 years 08 months
2023-10,JURONG WEST,3 ROOM,13 TO 15,68,2014,430000,89 years 08 months
2023-10,JURONG WEST,3 ROOM,13 TO 15,68,2019,455000,94 years 08 months
2023-10,JURONG WEST,4 ROOM,13 TO 15,92,2008,490000,83 years 09 months
2023-10,JURONG WEST,4 ROOM,13 TO 15,91,2001,495000,77 years 02 months
2023-10,JURONG WEST,5 ROOM,13 TO 15,110,2001,588000,77 years 02 months
2023-10,JURONG WEST,5 ROOM,13 TO 15,136,1993,605000,68 years 08 months
2023-10,JURONG WEST,EXECUTIVE,13 TO 15,125,2002,671000,77 years 11 months
2023-10,KALLANG/WHAMPOA,3 ROOM,13 TO 15,59,1973,335888,48 years 09 months
2023-10,KALLANG/WHAMPOA,3 ROOM,13 TO 15,70,2017,720000,92 years 09 months
2023-10,KALLANG/WHAMPOA,4 ROOM,13 TO 15,100,1998,775000,74 years 03 months
2023-10,KALLANG/WHAMPOA,4 ROOM,13 TO 15,93,2017,940000,93 years 03 months
2023-10,KALLANG/WHAMPOA,4 ROOM,13 TO 15,93,2017,990000,93 years 03 months
2023-10,KALLANG/WHAMPOA,4 ROOM,13 TO 15,90,2005,838000,80 years 04 months
2023-10,KALLANG/WHAMPOA,4 ROOM,13 TO 15,91,1974,460000,49 years 05 months
2023-10,MARINE PARADE,4 ROOM,13 TO 15,82,1976,680000,51 years 09 months
2023-10,MARINE PARADE,4 ROOM,13 TO 15,87,1976,668000,51 years 04 months
2023-10,PASIR RIS,5 ROOM,13 TO 15,134,1996,746800,71 years 10 months
2023-10,PUNGGOL,3 ROOM,13 TO 15,67,2017,475000,92 years 07 months
2023-10,PUNGGOL,3 ROOM,13 TO 15,67,2017,475000,92 years 07 months
2023-10,PUNGGOL,3 ROOM,13 TO 15,68,2016,475000,92 years 02 months
2023-10,PUNGGOL,4 ROOM,13 TO 15,92,2017,616000,92 years 08 months
2023-10,PUNGGOL,4 ROOM,13 TO 15,86,2004,489988,79 years 04 months
2023-10,PUNGGOL,4 ROOM,13 TO 15,95,2014,618000,89 years 07 months
2023-10,PUNGGOL,4 ROOM,13 TO 15,93,2012,590000,88 years 03 months
2023-10,PUNGGOL,4 ROOM,13 TO 15,91,2007,570000,83 years 02 months
2023-10,PUNGGOL,4 ROOM,13 TO 15,93,2018,605000,94 years 06 months
2023-10,PUNGGOL,4 ROOM,13 TO 15,93,2013,685000,88 years 03 months
2023-10,PUNGGOL,4 ROOM,13 TO 15,92,2014,633000,89 years 08 months
2023-10,PUNGGOL,4 ROOM,13 TO 15,93,2014,774000,89 years 07 months
2023-10,PUNGGOL,4 ROOM,13 TO 15,93,2018,602000,94 years 03 months
2023-10,PUNGGOL,4 ROOM,13 TO 15,93,2018,612000,93 years 06 months
2023-10,PUNGGOL,4 ROOM,13 TO 15,93,2018,600000,93 years 06 months
2023-10,PUNGGOL,5 ROOM,13 TO 15,113,2018,852888,93 years 11 months
2023-10,PUNGGOL,5 ROOM,13 TO 15,110,2003,598000,78 years 05 months
2023-10,PUNGGOL,5 ROOM,13 TO 15,111,2005,608888,80 years 04 months
2023-10,PUNGGOL,5 ROOM,13 TO 15,111,2005,595000,80 years 04 months
2023-10,PUNGGOL,5 ROOM,13 TO 15,110,2004,610000,80 years 02 months
2023-10,PUNGGOL,5 ROOM,13 TO 15,112,2002,635000,78 years
2023-10,PUNGGOL,5 ROOM,13 TO 15,113,2016,740000,91 years 08 months
2023-10,PUNGGOL,5 ROOM,13 TO 15,110,2003,620000,78 years 09 months
2023-10,PUNGGOL,5 ROOM,13 TO 15,112,2016,815000,91 years 08 months
2023-10,QUEENSTOWN,3 ROOM,13 TO 15,72,1970,500000,45 years 10 months
2023-10,QUEENSTOWN,3 ROOM,13 TO 15,76,1973,420000,48 years 08 months
2023-10,SEMBAWANG,3 ROOM,13 TO 15,68,2018,470000,94 years 01 month
2023-10,SEMBAWANG,3 ROOM,13 TO 15,67,2018,455000,93 years 10 months
2023-10,SEMBAWANG,3 ROOM,13 TO 15,68,2018,466000,93 years 10 months
2023-10,SEMBAWANG,3 ROOM,13 TO 15,68,2018,480000,94 years 01 month
2023-10,SEMBAWANG,4 ROOM,13 TO 15,91,2001,475000,76 years 05 months
2023-10,SEMBAWANG,4 ROOM,13 TO 15,86,2003,480000,78 years 10 months
2023-10,SEMBAWANG,4 ROOM,13 TO 15,93,2018,618000,93 years 05 months
2023-10,SEMBAWANG,4 ROOM,13 TO 15,93,2018,620888,93 years 10 months
2023-10,SEMBAWANG,4 ROOM,13 TO 15,93,2015,553000,90 years 08 months
2023-10,SEMBAWANG,4 ROOM,13 TO 15,93,2019,600000,94 years 06 months
2023-10,SEMBAWANG,4 ROOM,13 TO 15,93,2019,595000,94 years 07 months
2023-10,SEMBAWANG,4 ROOM,13 TO 15,93,2019,585000,94 years 07 months
2023-10,SEMBAWANG,4 ROOM,13 TO 15,101,1999,515000,74 years 06 months
2023-10,SEMBAWANG,4 ROOM,13 TO 15,101,1999,533000,74 years 05 months
2023-10,SEMBAWANG,5 ROOM,13 TO 15,110,2001,582000,76 years 09 months
2023-10,SEMBAWANG,5 ROOM,13 TO 15,110,2001,520000,76 years 07 months
2023-10,SEMBAWANG,5 ROOM,13 TO 15,110,2004,580000,79 years 07 months
2023-10,SENGKANG,3 ROOM,13 TO 15,69,2011,492000,86 years 05 months
2023-10,SENGKANG,4 ROOM,13 TO 15,90,2002,550000,78 years 01 month
2023-10,SENGKANG,4 ROOM,13 TO 15,90,2002,494000,77 years 04 months
2023-10,SENGKANG,4 ROOM,13 TO 15,90,2001,515000,76 years 10 months
2023-10,SENGKANG,4 ROOM,13 TO 15,96,2017,638000,93 years 02 months
2023-10,SENGKANG,4 ROOM,13 TO 15,93,2016,610000,92 years 01 month
2023-10,SENGKANG,4 ROOM,13 TO 15,92,2005,530000,80 years 05 months
2023-10,SENGKANG,4 ROOM,13 TO 15,85,2001,610000,76 years 06 months
2023-10,SENGKANG,4 ROOM,13 TO 15,94,2018,608000,93 years 09 months
2023-10,SENGKANG,4 ROOM,13 TO 15,94,2018,668888,93 years 10 months
2023-10,SENGKANG,4 ROOM,13 TO 15,92,1999,490000,74 years 10 months
2023-10,SENGKANG,4 ROOM,13 TO 15,101,1999,513888,74 years 11 months
2023-10,SENGKANG,4 ROOM,13 TO 15,91,1999,490000,74 years 10 months
2023-10,SENGKANG,4 ROOM,13 TO 15,93,2010,720000,85 years 08 months
2023-10,SENGKANG,4 ROOM,13 TO 15,90,2009,683000,85 years 03 months
2023-10,SENGKANG,4 ROOM,13 TO 15,92,2015,780000,90 years 11 months
2023-10,SENGKANG,5 ROOM,13 TO 15,112,2015,790000,91 years 03 months
2023-10,SENGKANG,5 ROOM,13 TO 15,115,2015,800000,91 years 02 months
2023-10,SENGKANG,5 ROOM,13 TO 15,110,2001,577000,77 years 02 months
2023-10,SENGKANG,5 ROOM,13 TO 15,110,2002,575000,77 years 05 months
2023-10,SENGKANG,5 ROOM,13 TO 15,110,2000,707000,76 years 03 months
2023-10,SENGKANG,5 ROOM,13 TO 15,110,2002,568000,77 years 04 months
2023-10,SENGKANG,5 ROOM,13 TO 15,116,1999,680000,75 years
2023-10,SENGKANG,5 ROOM,13 TO 15,110,2000,695000,76 years 02 months
2023-10,SENGKANG,5 ROOM,13 TO 15,110,2000,590000,76 years
2023-10,SENGKANG,EXECUTIVE,13 TO 15,126,2003,730000,78 years 04 months
2023-10,SERANGOON,3 ROOM,13 TO 15,73,1978,430000,53 years 08 months
2023-10,SERANGOON,4 ROOM,13 TO 15,113,1989,850000,64 years 04 months
2023-10,TAMPINES,4 ROOM,13 TO 15,93,2015,743000,90 years 11 months
2023-10,TAMPINES,4 ROOM,13 TO 15,93,2015,725000,91 years
2023-10,TOA PAYOH,3 ROOM,13 TO 15,68,2018,725000,93 years 11 months
2023-10,TOA PAYOH,5 ROOM,13 TO 15,122,1996,1060000,72 years
2023-10,WOODLANDS,3 ROOM,13 TO 15,82,1977,353800,53 years 02 months
2023-10,WOODLANDS,4 ROOM,13 TO 15,93,2017,590000,92 years 10 months
2023-10,WOODLANDS,4 ROOM,13 TO 15,91,1997,487000,72 years 11 months
2023-10,WOODLANDS,4 ROOM,13 TO 15,101,1997,495000,73 years 03 months
2023-10,WOODLANDS,4 ROOM,13 TO 15,92,2018,615888,94 years
2023-10,WOODLANDS,5 ROOM,13 TO 15,120,1997,618000,72 years 10 months
2023-10,YISHUN,3 ROOM,13 TO 15,68,2018,435000,93 years 04 months
2023-10,YISHUN,4 ROOM,13 TO 15,92,2015,540000,91 years 01 month
2023-10,YISHUN,4 ROOM,13 TO 15,92,2018,600000,93 years 05 months
2023-10,YISHUN,5 ROOM,13 TO 15,112,2015,708000,91 years