"date","channel","sender","message","sentiment"
2023-08-11,"Twitter","dave@example","Fun weekend!",0.824099663179368
2023-08-11,"Email","@bob_tweets","Hello everyone!",0.662486946210265
2023-08-11,"Slack","@frank_chat","Hello everyone!",-0.143450805917382
2023-08-18,"Email","@frank_chat","Fun weekend!",0.380196610931307
2023-08-14,"Slack","@frank_chat","Need assistance",0.187954018358141
2023-08-04,"Email","@erin_tweets","Need assistance",-0.108376242220402
2023-08-10,"Twitter","@frank_chat","Hello everyone!",-0.740855452604592
2023-08-04,"Slack","alice@example","Hello everyone!",-0.187917917966843
2023-08-20,"Email","dave@example","Team meeting",0.617879978846759
2023-08-09,"Slack","@erin_tweets","Hello everyone!",-0.932525445241481
2023-08-06,"Email","@frank_chat","Team meeting",0.819675826467574
2023-08-16,"Twitter","@erin_tweets","Great work!",0.15015667071566
2023-08-01,"Twitter","alice@example","Need assistance",0.676776994951069
2023-08-16,"Slack","alice@example","Exciting news!",0.32083071116358
2023-08-16,"Twitter","alice@example","Exciting news!",0.927110373508185
2023-08-07,"Email","@bob_tweets","Great work!",0.642848773859441
2023-08-01,"Twitter","@bob_tweets","Need assistance",0.148395223077387
2023-08-20,"Email","carol_slack","Team meeting",0.909817837644368
2023-08-08,"Slack","@erin_tweets","Need assistance",-0.879413283895701
2023-08-06,"Slack","dave@example","Hello everyone!",0.968081688508391
2023-08-11,"Twitter","@bob_tweets","Great work!",-0.751736610662192
2023-08-12,"Twitter","dave@example","Team meeting",-0.786887703929096
2023-08-12,"Slack","@frank_chat","Fun weekend!",0.519153008237481
2023-08-11,"Email","@frank_chat","Fun weekend!",0.874191638547927
2023-08-04,"Email","@bob_tweets","Fun weekend!",-0.539049788378179
2023-08-13,"Email","alice@example","Hello everyone!",0.4339309935458
2023-08-16,"Twitter","@bob_tweets","Exciting news!",-0.141741692088544
2023-08-09,"Twitter","alice@example","Need assistance",0.0833002226427197
2023-08-14,"Twitter","dave@example","Great work!",0.866824817843735
2023-08-17,"Twitter","alice@example","Team meeting",-0.189370414242148
2023-08-17,"Twitter","@bob_tweets","Need assistance",-0.493062958586961
2023-08-15,"Email","@bob_tweets","Great work!",0.468266435433179
2023-08-01,"Twitter","@frank_chat","Need assistance",0.599045396782458
2023-08-16,"Twitter","alice@example","Great work!",-0.179680133238435
2023-08-10,"Twitter","@erin_tweets","Great work!",0.199771450832486
2023-08-07,"Email","dave@example","Team meeting",0.32750794570893
2023-08-02,"Email","dave@example","Great work!",0.973676749039441
2023-08-13,"Email","@bob_tweets","Team meeting",-0.092784006614238
2023-08-11,"Slack","@bob_tweets","Team meeting",-0.955364773515612
2023-08-05,"Email","carol_slack","Exciting news!",0.468174768146127
2023-08-19,"Twitter","@frank_chat","Need assistance",0.481529109179974
2023-08-10,"Slack","@erin_tweets","Need assistance",-0.766245455946773
2023-08-11,"Email","carol_slack","Need assistance",-0.547700666822493
2023-08-06,"Twitter","@erin_tweets","Exciting news!",-0.415566466748714
2023-08-06,"Email","carol_slack","Great work!",-0.579760317225009
2023-08-18,"Email","alice@example","Fun weekend!",0.233402089215815
2023-08-07,"Email","@frank_chat","Fun weekend!",0.387379608582705
2023-08-20,"Email","alice@example","Great work!",0.0629771295934916
2023-08-16,"Slack","@erin_tweets","Exciting news!",-0.290788232348859
2023-08-02,"Twitter","alice@example","Team meeting",0.210089974105358
2023-08-12,"Email","dave@example","Need assistance",0.0919420747086406
2023-08-10,"Twitter","@erin_tweets","Need assistance",-0.340010146144778
2023-08-13,"Slack","carol_slack","Hello everyone!",0.675182750914246
2023-08-13,"Slack","@bob_tweets","Great work!",-0.443448591511697
2023-08-16,"Slack","@bob_tweets","Team meeting",-0.774452816229314
2023-08-13,"Slack","alice@example","Great work!",0.480868685059249
2023-08-07,"Slack","@frank_chat","Need assistance",0.914976185187697
2023-08-13,"Twitter","dave@example","Fun weekend!",0.986894567497075
2023-08-06,"Twitter","alice@example","Hello everyone!",-0.88270753249526
2023-08-15,"Slack","@erin_tweets","Hello everyone!",-0.689319659024477
2023-08-17,"Email","@frank_chat","Team meeting",0.932789829559624
2023-08-12,"Slack","@frank_chat","Hello everyone!",-0.219064675737172
2023-08-18,"Twitter","@frank_chat","Team meeting",-0.00446044374257326
2023-08-20,"Twitter","alice@example","Hello everyone!",0.48218765668571
2023-08-14,"Twitter","@frank_chat","Team meeting",-0.93561057979241
2023-08-03,"Email","@erin_tweets","Fun weekend!",0.924321534112096
2023-08-06,"Slack","@bob_tweets","Hello everyone!",-0.452905737794936
2023-08-14,"Twitter","alice@example","Exciting news!",0.415267176460475
2023-08-16,"Email","@frank_chat","Hello everyone!",0.997601895127445
2023-08-13,"Twitter","alice@example","Need assistance",0.119616440963
2023-08-13,"Email","dave@example","Need assistance",-0.834047724492848
2023-08-05,"Slack","@erin_tweets","Need assistance",-0.195926676969975
2023-08-12,"Slack","dave@example","Fun weekend!",-0.285561244469136
2023-08-16,"Slack","carol_slack","Hello everyone!",0.529127309564501
2023-08-10,"Email","@bob_tweets","Team meeting",-0.0607551760040224
2023-08-12,"Twitter","carol_slack","Great work!",0.407506729476154
2023-08-18,"Email","@frank_chat","Fun weekend!",-0.569811308756471
2023-08-17,"Email","@bob_tweets","Fun weekend!",0.825692307669669
2023-08-09,"Email","@erin_tweets","Exciting news!",-0.0181937008164823
2023-08-10,"Email","@bob_tweets","Great work!",0.924440826289356
2023-08-04,"Twitter","@bob_tweets","Fun weekend!",0.185009266249835
2023-08-19,"Email","dave@example","Exciting news!",0.821827832609415
2023-08-04,"Slack","alice@example","Need assistance",0.534302737563848
2023-08-17,"Slack","alice@example","Exciting news!",-0.301641049794853
2023-08-15,"Twitter","@erin_tweets","Great work!",-0.244326655287296
2023-08-15,"Twitter","carol_slack","Hello everyone!",-0.76110499817878
2023-08-03,"Twitter","@bob_tweets","Exciting news!",-0.40846408624202
2023-08-16,"Email","@frank_chat","Fun weekend!",-0.584208117797971
2023-08-04,"Slack","@bob_tweets","Fun weekend!",0.866016825195402
2023-08-15,"Twitter","alice@example","Team meeting",-0.178657859098166
2023-08-07,"Email","alice@example","Great work!",-0.329095907509327
2023-08-15,"Twitter","alice@example","Fun weekend!",-0.707901943940669
2023-08-20,"Email","alice@example","Hello everyone!",-0.166448133997619
2023-08-19,"Email","dave@example","Exciting news!",-0.533024813048542
2023-08-07,"Slack","@bob_tweets","Need assistance",-0.356371285393834
2023-08-17,"Email","@bob_tweets","Team meeting",-0.467768929898739
2023-08-09,"Twitter","carol_slack","Fun weekend!",-0.0562024805694818
2023-08-19,"Email","@erin_tweets","Team meeting",-0.757670477032661
2023-08-16,"Twitter","@erin_tweets","Exciting news!",-0.265161675866693
2023-08-01,"Twitter","@frank_chat","Exciting news!",-0.822780307382345
2023-08-10,"Email","@frank_chat","Hello everyone!",0.535708998329937
2023-08-17,"Twitter","@bob_tweets","Exciting news!",0.953910344280303
2023-08-14,"Email","@erin_tweets","Great work!",0.891589127946645
2023-08-08,"Email","@bob_tweets","Need assistance",0.115187555551529
2023-08-03,"Twitter","@erin_tweets","Need assistance",-0.680233248509467
2023-08-14,"Twitter","@erin_tweets","Hello everyone!",-0.647561021149158
2023-08-20,"Email","@bob_tweets","Exciting news!",0.931368546560407
2023-08-13,"Twitter","@bob_tweets","Great work!",-0.705626460257918
2023-08-06,"Slack","@frank_chat","Hello everyone!",-0.0505326050333679
2023-08-20,"Slack","alice@example","Great work!",-0.459148117806762
2023-08-20,"Slack","dave@example","Exciting news!",0.617734990082681
2023-08-11,"Email","alice@example","Fun weekend!",-0.0342785376124084
2023-08-09,"Twitter","alice@example","Great work!",-0.0139459650963545
2023-08-10,"Slack","dave@example","Team meeting",-0.934943126048893
2023-08-16,"Slack","alice@example","Need assistance",0.669039086438715
2023-08-02,"Slack","@erin_tweets","Fun weekend!",-0.474169045686722
2023-08-14,"Email","@bob_tweets","Team meeting",-0.815906889270991
2023-08-07,"Slack","@frank_chat","Exciting news!",0.9931481461972
2023-08-04,"Email","alice@example","Exciting news!",-0.200843528844416
2023-08-13,"Twitter","alice@example","Fun weekend!",-0.958858334459364
2023-08-08,"Email","carol_slack","Team meeting",0.213498761877418
2023-08-18,"Slack","@bob_tweets","Fun weekend!",-0.558302570134401
2023-08-12,"Twitter","carol_slack","Need assistance",-0.435741365887225
2023-08-18,"Email","dave@example","Need assistance",-0.770186925306916
2023-08-11,"Slack","@frank_chat","Exciting news!",-0.871460077818483
2023-08-18,"Twitter","@bob_tweets","Need assistance",0.0833979505114257
2023-08-11,"Slack","dave@example","Hello everyone!",-0.843954970128834
2023-08-15,"Email","@erin_tweets","Fun weekend!",-0.576360519044101
2023-08-09,"Twitter","alice@example","Great work!",0.432502551469952
2023-08-11,"Twitter","@erin_tweets","Need assistance",-0.462980803567916
2023-08-15,"Email","carol_slack","Exciting news!",-0.745493084192276
2023-08-15,"Twitter","dave@example","Fun weekend!",0.469535300508142
2023-08-02,"Twitter","@erin_tweets","Exciting news!",0.750492542050779
2023-08-16,"Email","alice@example","Team meeting",0.858062949031591
2023-08-07,"Email","alice@example","Exciting news!",0.773558143060654
2023-08-19,"Email","alice@example","Exciting news!",0.40154367685318
2023-08-17,"Twitter","@frank_chat","Hello everyone!",0.951721461955458
2023-08-20,"Twitter","alice@example","Exciting news!",0.310656995512545
2023-08-20,"Twitter","carol_slack","Great work!",0.544291852042079
2023-08-10,"Slack","@bob_tweets","Hello everyone!",-0.0753174140118062
2023-08-04,"Email","@erin_tweets","Need assistance",0.689327836502343
2023-08-15,"Twitter","@bob_tweets","Team meeting",0.853966496884823
2023-08-10,"Email","alice@example","Need assistance",-0.815106571186334
2023-08-03,"Twitter","alice@example","Hello everyone!",0.530733542051166
2023-08-19,"Slack","dave@example","Great work!",-0.526421043556184
2023-08-12,"Twitter","dave@example","Hello everyone!",0.278570378664881
2023-08-01,"Slack","@frank_chat","Team meeting",-0.202094683423638
2023-08-11,"Email","dave@example","Great work!",0.509797142352909
2023-08-17,"Twitter","carol_slack","Fun weekend!",0.172285239212215
2023-08-01,"Slack","@bob_tweets","Exciting news!",0.146396938711405
2023-08-07,"Twitter","@bob_tweets","Fun weekend!",-0.390309056267142
2023-08-20,"Slack","@bob_tweets","Great work!",0.203791809268296
2023-08-12,"Slack","carol_slack","Great work!",-0.733910211361945
2023-08-17,"Email","@erin_tweets","Great work!",0.709753431379795
2023-08-10,"Twitter","@erin_tweets","Fun weekend!",-0.49655578751117
2023-08-14,"Twitter","alice@example","Hello everyone!",-0.892831107135862
2023-08-11,"Slack","@frank_chat","Hello everyone!",-0.108963726088405
2023-08-11,"Slack","alice@example","Fun weekend!",-0.799520458560437
2023-08-03,"Twitter","carol_slack","Exciting news!",0.0446496033109725
2023-08-18,"Email","@bob_tweets","Fun weekend!",-0.558283084072173
2023-08-12,"Twitter","@bob_tweets","Exciting news!",-0.608554569538683
2023-08-17,"Email","dave@example","Fun weekend!",0.420022254344076
2023-08-16,"Slack","alice@example","Need assistance",0.445466303732246
2023-08-01,"Slack","@erin_tweets","Great work!",0.244422905612737
2023-08-01,"Twitter","@frank_chat","Team meeting",-0.526283487677574
2023-08-04,"Twitter","dave@example","Need assistance",-0.635092593263835
2023-08-07,"Email","@erin_tweets","Great work!",-0.44662777800113
2023-08-06,"Twitter","@bob_tweets","Fun weekend!",-0.149422836955637
2023-08-15,"Slack","alice@example","Fun weekend!",0.271711212117225
2023-08-13,"Twitter","alice@example","Hello everyone!",0.752351641189307
2023-08-05,"Twitter","alice@example","Great work!",-0.630844016559422
2023-08-10,"Slack","@frank_chat","Hello everyone!",0.142070077359676
2023-08-16,"Twitter","@bob_tweets","Fun weekend!",-0.533522750250995
2023-08-06,"Email","@bob_tweets","Fun weekend!",0.201027735136449
2023-08-13,"Slack","@frank_chat","Exciting news!",0.443950114306062
2023-08-01,"Twitter","@frank_chat","Exciting news!",-0.398672424256802
2023-08-07,"Slack","alice@example","Exciting news!",-0.686074988916516
2023-08-13,"Slack","@erin_tweets","Need assistance",-0.514785561244935
2023-08-18,"Twitter","@frank_chat","Exciting news!",-0.445320372935385
2023-08-14,"Twitter","alice@example","Great work!",0.346799490507692
2023-08-06,"Twitter","dave@example","Exciting news!",-0.433124611154199
2023-08-13,"Twitter","@frank_chat","Hello everyone!",-0.369747001677752
2023-08-07,"Email","alice@example","Hello everyone!",0.917979235760868
2023-08-14,"Twitter","@frank_chat","Great work!",-0.912142743822187
2023-08-09,"Email","@erin_tweets","Exciting news!",0.0203943531960249
2023-08-15,"Slack","carol_slack","Fun weekend!",-0.760701750870794
2023-08-09,"Slack","@bob_tweets","Team meeting",0.500293178949505
2023-08-03,"Twitter","@bob_tweets","Hello everyone!",-0.243440010584891
2023-08-16,"Slack","@bob_tweets","Team meeting",0.120248222723603
2023-08-06,"Email","@bob_tweets","Fun weekend!",-0.159573649521917
2023-08-07,"Email","carol_slack","Exciting news!",0.785684677772224
2023-08-12,"Email","@erin_tweets","Exciting news!",-0.260005386546254
2023-08-13,"Slack","carol_slack","Exciting news!",0.474910577293485
2023-08-01,"Slack","@frank_chat","Need assistance",0.601800072472543
2023-08-07,"Slack","alice@example","Need assistance",0.877496709115803
2023-08-10,"Slack","alice@example","Need assistance",-0.356432681437582
2023-08-18,"Twitter","dave@example","Need assistance",-0.577738499268889
2023-08-07,"Email","@bob_tweets","Team meeting",-0.767587414011359
2023-08-12,"Slack","alice@example","Fun weekend!",0.226010282058269
2023-08-14,"Slack","@erin_tweets","Hello everyone!",0.987832270096987
2023-08-06,"Slack","@frank_chat","Need assistance",0.746888390742242
2023-08-14,"Twitter","alice@example","Team meeting",0.024089097045362
2023-08-07,"Twitter","dave@example","Team meeting",-0.0145278815180063
2023-08-02,"Slack","@erin_tweets","Exciting news!",0.900116187985986
2023-08-09,"Twitter","alice@example","Fun weekend!",-0.391704335343093
2023-08-07,"Slack","@erin_tweets","Hello everyone!",0.0793405906297266
2023-08-16,"Email","carol_slack","Great work!",0.306993761565536
2023-08-10,"Email","@frank_chat","Need assistance",-0.857863282319158
2023-08-09,"Slack","@erin_tweets","Fun weekend!",0.542777083348483
2023-08-03,"Email","dave@example","Hello everyone!",0.57584485411644
2023-08-03,"Twitter","dave@example","Team meeting",-0.0242076702415943
2023-08-05,"Twitter","@bob_tweets","Need assistance",0.0894290185533464
2023-08-19,"Slack","@bob_tweets","Hello everyone!",0.67917471844703
2023-08-03,"Email","@erin_tweets","Team meeting",0.100578078068793
2023-08-04,"Slack","@frank_chat","Need assistance",0.69133867463097
2023-08-07,"Slack","@bob_tweets","Need assistance",-0.611560302786529
2023-08-11,"Slack","@bob_tweets","Need assistance",-0.542398809455335
2023-08-05,"Slack","@bob_tweets","Hello everyone!",-0.940684421453625
2023-08-20,"Slack","alice@example","Exciting news!",0.685212519019842
2023-08-14,"Email","@erin_tweets","Need assistance",0.867801995482296
2023-08-20,"Twitter","@erin_tweets","Great work!",-0.404516521841288
2023-08-20,"Slack","dave@example","Exciting news!",-0.476039052009583
2023-08-16,"Twitter","dave@example","Great work!",0.827052074484527
2023-08-16,"Email","carol_slack","Great work!",-0.0453738393262029
2023-08-11,"Slack","carol_slack","Exciting news!",0.0629692086949944
2023-08-12,"Email","@bob_tweets","Need assistance",-0.0424914578907192
2023-08-18,"Email","alice@example","Hello everyone!",-0.0244308938272297
2023-08-03,"Twitter","@bob_tweets","Need assistance",0.115823370870203
2023-08-20,"Email","@bob_tweets","Need assistance",-0.299717092420906
2023-08-19,"Slack","@bob_tweets","Hello everyone!",-0.558468955568969
2023-08-19,"Twitter","@bob_tweets","Great work!",0.521462945733219
2023-08-05,"Slack","@bob_tweets","Team meeting",-0.386754569131881
2023-08-08,"Twitter","@frank_chat","Hello everyone!",-0.0813531475141644
2023-08-16,"Twitter","dave@example","Need assistance",-0.194268964231014
2023-08-07,"Slack","carol_slack","Hello everyone!",0.973429719451815
2023-08-03,"Twitter","carol_slack","Great work!",0.646422371268272
2023-08-11,"Email","dave@example","Team meeting",0.146319367457181
2023-08-01,"Slack","carol_slack","Hello everyone!",0.80252365861088
2023-08-08,"Email","carol_slack","Fun weekend!",0.670605207793415
2023-08-16,"Email","@frank_chat","Exciting news!",0.305391625966877
2023-08-06,"Slack","@bob_tweets","Fun weekend!",-0.927836750634015
2023-08-14,"Slack","@erin_tweets","Great work!",-0.518683678004891
2023-08-05,"Email","@erin_tweets","Exciting news!",0.54903841484338
2023-08-13,"Email","carol_slack","Exciting news!",0.991050146985799
2023-08-18,"Email","@erin_tweets","Need assistance",-0.24064928945154
2023-08-20,"Twitter","@erin_tweets","Great work!",-0.743658878374845
2023-08-11,"Twitter","@frank_chat","Team meeting",0.629940746817738
2023-08-18,"Email","carol_slack","Team meeting",0.343653604853898
2023-08-01,"Slack","dave@example","Team meeting",-0.176315426360816
2023-08-05,"Slack","carol_slack","Team meeting",-0.320228465367109
2023-08-08,"Email","dave@example","Need assistance",0.0847783400677145
2023-08-19,"Email","dave@example","Exciting news!",0.324592506513
2023-08-15,"Slack","@frank_chat","Exciting news!",-0.58224377874285
2023-08-18,"Email","@bob_tweets","Exciting news!",0.497974097728729
2023-08-14,"Slack","@frank_chat","Need assistance",-0.384110796730965
2023-08-10,"Slack","alice@example","Great work!",0.804542713798583
2023-08-10,"Slack","@erin_tweets","Team meeting",0.862134461756796
2023-08-11,"Twitter","dave@example","Exciting news!",0.0183873986825347
2023-08-15,"Email","carol_slack","Need assistance",0.414960733149201
2023-08-20,"Twitter","@frank_chat","Team meeting",0.659773430321366
2023-08-12,"Twitter","alice@example","Hello everyone!",0.532433988992125
2023-08-20,"Slack","alice@example","Exciting news!",-0.415822028648108
2023-08-18,"Twitter","@frank_chat","Exciting news!",0.784590872004628
2023-08-14,"Twitter","@bob_tweets","Great work!",-0.970631611533463
2023-08-02,"Twitter","dave@example","Exciting news!",0.817105631809682
2023-08-19,"Email","@erin_tweets","Team meeting",-0.823923888150603
2023-08-02,"Twitter","@erin_tweets","Exciting news!",0.581556937191635
2023-08-05,"Twitter","carol_slack","Fun weekend!",0.706561523489654
2023-08-12,"Slack","@frank_chat","Need assistance",-0.611636331770569
2023-08-08,"Slack","carol_slack","Exciting news!",-0.388513986486942
2023-08-19,"Slack","@erin_tweets","Great work!",0.0375336124561727
2023-08-01,"Email","carol_slack","Fun weekend!",0.757286296226084
2023-08-04,"Slack","carol_slack","Fun weekend!",-0.0493949903175235
2023-08-03,"Twitter","carol_slack","Great work!",0.0492914156056941
2023-08-16,"Slack","@frank_chat","Team meeting",-0.143542712554336
2023-08-06,"Twitter","carol_slack","Team meeting",-0.385177556890994
2023-08-06,"Email","dave@example","Need assistance",-0.438415067736059
2023-08-06,"Twitter","@bob_tweets","Team meeting",-0.549432103987783
2023-08-14,"Email","carol_slack","Fun weekend!",0.446355307940394
2023-08-04,"Email","alice@example","Great work!",-0.769964864011854
2023-08-05,"Slack","@erin_tweets","Need assistance",0.519475342705846
2023-08-06,"Slack","alice@example","Fun weekend!",-0.103599444497377
2023-08-04,"Email","@frank_chat","Need assistance",0.0633365288376808
2023-08-15,"Slack","@bob_tweets","Exciting news!",0.423514268826693
2023-08-16,"Slack","carol_slack","Hello everyone!",-0.321912184823304
2023-08-03,"Slack","alice@example","Great work!",-0.15037770755589
2023-08-18,"Slack","@erin_tweets","Team meeting",0.353438236285001
2023-08-03,"Twitter","dave@example","Hello everyone!",0.902683333028108
2023-08-20,"Twitter","alice@example","Fun weekend!",0.280627116560936
2023-08-15,"Twitter","@frank_chat","Need assistance",-0.639425839763135
2023-08-05,"Twitter","alice@example","Team meeting",0.824948560446501
2023-08-09,"Slack","@erin_tweets","Team meeting",0.268132483586669
2023-08-04,"Email","@bob_tweets","Need assistance",0.0179155692458153
2023-08-18,"Twitter","carol_slack","Exciting news!",0.222249684389681
2023-08-20,"Email","@bob_tweets","Team meeting",-0.801527123432606
2023-08-12,"Twitter","dave@example","Great work!",0.1953030298464
2023-08-14,"Twitter","dave@example","Fun weekend!",0.47456435021013
2023-08-20,"Slack","@erin_tweets","Team meeting",-0.134665602818131
2023-08-20,"Email","carol_slack","Team meeting",0.0780075103975832
2023-08-02,"Twitter","@erin_tweets","Exciting news!",-0.525143622886389
2023-08-09,"Slack","alice@example","Need assistance",0.66530293552205
2023-08-17,"Twitter","@erin_tweets","Fun weekend!",-0.417790641542524
2023-08-08,"Slack","@erin_tweets","Great work!",-0.410223120823503
2023-08-05,"Slack","@erin_tweets","Exciting news!",-0.302134783938527
2023-08-19,"Email","dave@example","Team meeting",0.0873826211318374
2023-08-19,"Slack","alice@example","Team meeting",-0.249497572425753
2023-08-03,"Slack","dave@example","Great work!",-0.488912587054074
2023-08-15,"Slack","@bob_tweets","Team meeting",-0.271451744250953
2023-08-10,"Twitter","@erin_tweets","Team meeting",0.38420232757926
2023-08-06,"Email","carol_slack","Great work!",0.766328182071447
2023-08-08,"Email","alice@example","Exciting news!",-0.00704034930095077
2023-08-07,"Slack","@bob_tweets","Exciting news!",0.370947586372495
2023-08-03,"Twitter","alice@example","Hello everyone!",-0.893453151453286
2023-08-01,"Email","@frank_chat","Team meeting",-0.670432338025421
2023-08-18,"Email","alice@example","Exciting news!",0.422912350390106
2023-08-03,"Email","@frank_chat","Need assistance",-0.345415825489908
2023-08-04,"Slack","dave@example","Fun weekend!",-0.84822846064344
2023-08-15,"Email","@frank_chat","Need assistance",0.385732210706919
2023-08-06,"Slack","alice@example","Fun weekend!",-0.143456620164216
2023-08-11,"Slack","dave@example","Hello everyone!",0.879992485977709
2023-08-05,"Twitter","carol_slack","Team meeting",0.364639959298074
2023-08-20,"Slack","dave@example","Great work!",0.814900839701295
2023-08-20,"Email","@erin_tweets","Exciting news!",-0.195798854343593
2023-08-09,"Slack","dave@example","Fun weekend!",-0.358376735355705
2023-08-13,"Email","carol_slack","Exciting news!",-0.930242308881134
2023-08-20,"Slack","@erin_tweets","Fun weekend!",0.604609675705433
2023-08-15,"Email","@erin_tweets","Hello everyone!",-0.59842518158257
2023-08-16,"Slack","dave@example","Exciting news!",0.461496072821319
2023-08-02,"Twitter","alice@example","Team meeting",0.964958042837679
2023-08-16,"Twitter","carol_slack","Exciting news!",-0.875286373309791
2023-08-19,"Email","@frank_chat","Hello everyone!",0.179850067943335
2023-08-14,"Slack","@erin_tweets","Exciting news!",0.336964048445225
2023-08-07,"Slack","@erin_tweets","Great work!",-0.643276188056916
2023-08-01,"Twitter","@bob_tweets","Exciting news!",-0.452694423031062
2023-08-11,"Twitter","@bob_tweets","Exciting news!",0.260118116624653
2023-08-18,"Slack","@bob_tweets","Need assistance",-0.754348846618086
2023-08-14,"Email","dave@example","Need assistance",-0.829999506939203
2023-08-14,"Email","alice@example","Need assistance",0.0432408493943512
2023-08-01,"Slack","carol_slack","Fun weekend!",-0.877705399878323
2023-08-12,"Twitter","@bob_tweets","Team meeting",0.265132845845073
2023-08-04,"Slack","alice@example","Team meeting",-0.111247492954135
2023-08-05,"Email","carol_slack","Fun weekend!",0.451752026565373
2023-08-04,"Email","@frank_chat","Great work!",-0.317266905214638
2023-08-08,"Twitter","alice@example","Hello everyone!",0.223401715513319
2023-08-07,"Twitter","dave@example","Exciting news!",0.466239469125867
2023-08-14,"Slack","dave@example","Hello everyone!",0.491653796285391
2023-08-04,"Twitter","@bob_tweets","Fun weekend!",0.163814227096736
2023-08-04,"Email","@erin_tweets","Fun weekend!",-0.415885320398957
2023-08-18,"Slack","@erin_tweets","Exciting news!",-0.537696546409279
2023-08-01,"Email","carol_slack","Need assistance",-0.130674559623003
2023-08-10,"Slack","@bob_tweets","Need assistance",0.279333148617297
2023-08-16,"Twitter","carol_slack","Need assistance",-0.375053814146668
2023-08-18,"Email","carol_slack","Exciting news!",-0.978982675354928
2023-08-14,"Email","@erin_tweets","Need assistance",-0.220039923675358
2023-08-14,"Email","alice@example","Need assistance",0.0412040394730866
2023-08-20,"Twitter","@bob_tweets","Fun weekend!",0.23655371600762
2023-08-08,"Email","alice@example","Great work!",0.222402994986624
2023-08-19,"Email","alice@example","Great work!",0.301563812419772
2023-08-17,"Email","dave@example","Hello everyone!",0.976894801482558
2023-08-07,"Slack","carol_slack","Team meeting",0.190247875172645
2023-08-07,"Twitter","carol_slack","Need assistance",0.895823482889682
2023-08-01,"Slack","dave@example","Team meeting",0.0938260816037655
2023-08-17,"Slack","alice@example","Great work!",0.652192218694836
2023-08-04,"Slack","carol_slack","Need assistance",0.0887402594089508
2023-08-08,"Slack","@bob_tweets","Hello everyone!",0.740663245785981
2023-08-17,"Twitter","dave@example","Fun weekend!",0.77513077808544
2023-08-11,"Twitter","dave@example","Fun weekend!",0.12440441781655
2023-08-19,"Slack","@bob_tweets","Hello everyone!",0.487545230891556
2023-08-18,"Twitter","dave@example","Need assistance",-0.61343258433044
2023-08-17,"Email","@frank_chat","Great work!",-0.951084716245532
2023-08-10,"Email","@erin_tweets","Exciting news!",0.679597112350166
2023-08-12,"Email","alice@example","Team meeting",0.774573302827775
2023-08-02,"Email","dave@example","Exciting news!",0.717076284345239
2023-08-18,"Email","@frank_chat","Fun weekend!",0.0616211262531579
2023-08-14,"Slack","@frank_chat","Need assistance",-0.920249034184963
2023-08-08,"Twitter","@frank_chat","Fun weekend!",0.484796491917223
2023-08-18,"Twitter","dave@example","Exciting news!",-0.209318372886628
2023-08-17,"Twitter","carol_slack","Need assistance",-0.806338225491345
2023-08-12,"Email","@bob_tweets","Exciting news!",-0.597888714168221
2023-08-04,"Email","alice@example","Exciting news!",0.30824762955308
2023-08-04,"Twitter","@bob_tweets","Exciting news!",-0.122806889005005
2023-08-17,"Twitter","@erin_tweets","Hello everyone!",0.29984372202307
2023-08-10,"Twitter","@erin_tweets","Exciting news!",0.275836161803454
2023-08-10,"Twitter","@frank_chat","Team meeting",-0.976236885413527
2023-08-16,"Email","alice@example","Exciting news!",-0.858994203153998
2023-08-12,"Slack","carol_slack","Fun weekend!",0.608656867872924
2023-08-11,"Twitter","@frank_chat","Fun weekend!",-0.926554946228862
2023-08-12,"Email","dave@example","Fun weekend!",0.0439273165538907
2023-08-15,"Twitter","dave@example","Great work!",0.435108419042081
2023-08-18,"Slack","dave@example","Team meeting",-0.718652172479779
2023-08-08,"Slack","@frank_chat","Need assistance",0.963640937115997
2023-08-07,"Twitter","carol_slack","Great work!",0.805481421295553
2023-08-16,"Email","@erin_tweets","Fun weekend!",-0.928850478958338
2023-08-14,"Slack","dave@example","Exciting news!",-0.298691059928387
2023-08-02,"Slack","alice@example","Fun weekend!",0.8233522484079
2023-08-03,"Email","@erin_tweets","Great work!",-0.900102365296334
2023-08-19,"Twitter","@frank_chat","Fun weekend!",-0.371842024382204
2023-08-18,"Twitter","dave@example","Team meeting",-0.0126949287950993
2023-08-12,"Twitter","@erin_tweets","Team meeting",0.650313874240965
2023-08-02,"Email","dave@example","Fun weekend!",-0.357268680352718
2023-08-14,"Slack","@erin_tweets","Need assistance",0.141076976899058
2023-08-15,"Twitter","@bob_tweets","Need assistance",0.37369148619473
2023-08-11,"Slack","dave@example","Need assistance",0.930096855387092
2023-08-18,"Slack","dave@example","Fun weekend!",-0.566594297997653
2023-08-19,"Twitter","dave@example","Team meeting",-0.284638313110918
2023-08-19,"Email","carol_slack","Fun weekend!",0.892766984645277
2023-08-07,"Email","@bob_tweets","Team meeting",-0.150205610785633
2023-08-05,"Email","@bob_tweets","Hello everyone!",0.616259416099638
2023-08-10,"Email","@frank_chat","Great work!",0.533465848769993
2023-08-02,"Twitter","dave@example","Great work!",0.516138047911227
2023-08-18,"Twitter","@erin_tweets","Need assistance",0.116931846830994
2023-08-15,"Slack","carol_slack","Need assistance",0.674294885247946
2023-08-06,"Email","@frank_chat","Exciting news!",0.696377364452928
2023-08-20,"Email","dave@example","Team meeting",0.985037737526
2023-08-10,"Slack","@erin_tweets","Need assistance",-0.904224417638034
2023-08-11,"Email","alice@example","Exciting news!",-0.901918260846287
2023-08-14,"Slack","@erin_tweets","Fun weekend!",-0.259928443469107
2023-08-20,"Slack","carol_slack","Exciting news!",0.221250645350665
2023-08-13,"Twitter","alice@example","Team meeting",0.892404642887414
2023-08-06,"Slack","alice@example","Great work!",-0.545365768484771
2023-08-12,"Email","@frank_chat","Need assistance",-0.104900639504194
2023-08-20,"Twitter","dave@example","Fun weekend!",-0.818538250401616
2023-08-20,"Twitter","@erin_tweets","Great work!",-0.349391197320074
2023-08-02,"Email","dave@example","Exciting news!",-0.21246497426182
2023-08-19,"Twitter","carol_slack","Team meeting",0.317846402060241
2023-08-09,"Slack","alice@example","Fun weekend!",0.690391378011554
2023-08-11,"Email","@bob_tweets","Hello everyone!",0.576369455084205
2023-08-14,"Twitter","@erin_tweets","Need assistance",-0.5430644354783
2023-08-09,"Slack","dave@example","Fun weekend!",0.229193896055222
2023-08-16,"Twitter","dave@example","Fun weekend!",-0.286604215856642
2023-08-05,"Twitter","@bob_tweets","Hello everyone!",-0.0388185330666602
2023-08-01,"Twitter","@frank_chat","Great work!",0.473425272386521
2023-08-10,"Twitter","@bob_tweets","Fun weekend!",0.346377916168422
2023-08-04,"Slack","@frank_chat","Need assistance",0.93373809941113
2023-08-20,"Email","carol_slack","Great work!",0.680826971307397
2023-08-20,"Slack","carol_slack","Great work!",-0.574539005290717
2023-08-10,"Slack","dave@example","Exciting news!",-0.762122771237046
2023-08-12,"Email","dave@example","Great work!",0.480317920912057
2023-08-09,"Email","@erin_tweets","Team meeting",-0.956999032292515
2023-08-07,"Slack","alice@example","Fun weekend!",0.397376804146916
2023-08-04,"Email","@frank_chat","Great work!",0.263225980103016
2023-08-06,"Email","@frank_chat","Fun weekend!",0.791513951960951
2023-08-08,"Email","@frank_chat","Exciting news!",-0.0500681204721332
2023-08-07,"Twitter","carol_slack","Hello everyone!",-0.355751094873995
2023-08-09,"Twitter","alice@example","Hello everyone!",0.184942272491753
2023-08-14,"Twitter","@erin_tweets","Great work!",0.468599080108106
2023-08-14,"Twitter","alice@example","Exciting news!",0.157755047082901
2023-08-10,"Email","alice@example","Great work!",0.69303734973073
2023-08-16,"Email","alice@example","Great work!",0.360768258105963
2023-08-10,"Twitter","@frank_chat","Great work!",0.214199053589255
2023-08-08,"Email","dave@example","Need assistance",-0.998774238862097
2023-08-10,"Email","carol_slack","Team meeting",-0.970338997431099
2023-08-08,"Twitter","carol_slack","Fun weekend!",0.232626480981708
2023-08-11,"Slack","@bob_tweets","Exciting news!",-0.0337732443585992
2023-08-20,"Twitter","@frank_chat","Team meeting",-0.476500273216516
2023-08-17,"Email","@erin_tweets","Team meeting",0.863822789862752
2023-08-18,"Slack","@erin_tweets","Exciting news!",-0.719712700229138
2023-08-13,"Twitter","@bob_tweets","Need assistance",0.40864473534748
2023-08-11,"Twitter","carol_slack","Great work!",0.910158344078809
2023-08-06,"Twitter","dave@example","Need assistance",-0.0641784234903753
2023-08-03,"Twitter","alice@example","Hello everyone!",-0.567197049967945
2023-08-15,"Slack","dave@example","Hello everyone!",-0.510870770551264
2023-08-13,"Email","@erin_tweets","Hello everyone!",-0.939573104027659
2023-08-16,"Email","dave@example","Need assistance",-0.0145215941593051
2023-08-16,"Email","@frank_chat","Team meeting",-0.287118955515325
2023-08-05,"Email","carol_slack","Need assistance",0.558824510779232
2023-08-16,"Email","@frank_chat","Need assistance",0.343977793119848
2023-08-15,"Email","dave@example","Hello everyone!",0.282330315094441
2023-08-06,"Twitter","@bob_tweets","Hello everyone!",0.116596442647278
2023-08-13,"Twitter","@frank_chat","Exciting news!",0.368110256269574
2023-08-10,"Twitter","alice@example","Great work!",0.26661946810782
2023-08-18,"Twitter","@bob_tweets","Exciting news!",0.290797958150506
2023-08-20,"Twitter","@erin_tweets","Team meeting",0.341763969976455
2023-08-13,"Twitter","@bob_tweets","Need assistance",-0.883181105833501
2023-08-20,"Slack","alice@example","Hello everyone!",-0.863882122095674
2023-08-04,"Twitter","dave@example","Fun weekend!",0.463157478254288
2023-08-05,"Email","@frank_chat","Exciting news!",0.567230822518468
2023-08-17,"Twitter","alice@example","Great work!",-0.641657172702253
2023-08-08,"Email","@erin_tweets","Exciting news!",-0.847681917715818
2023-08-05,"Email","@frank_chat","Team meeting",-0.0949599547311664
2023-08-08,"Twitter","@bob_tweets","Team meeting",-0.0242430614307523
2023-08-18,"Email","@erin_tweets","Need assistance",0.17131925188005
2023-08-17,"Slack","carol_slack","Need assistance",-0.750471560284495
2023-08-07,"Email","dave@example","Hello everyone!",-0.526591261848807
2023-08-16,"Twitter","@erin_tweets","Hello everyone!",0.806540162768215
2023-08-05,"Email","carol_slack","Need assistance",0.300882404670119
2023-08-03,"Twitter","@erin_tweets","Fun weekend!",-0.345988780725747
2023-08-02,"Email","alice@example","Great work!",-0.784876937512308
2023-08-13,"Slack","carol_slack","Great work!",-0.947211588732898
2023-08-09,"Email","@erin_tweets","Fun weekend!",0.513564137276262
2023-08-04,"Email","@bob_tweets","Team meeting",-0.235653991810977
2023-08-04,"Email","alice@example","Hello everyone!",0.161035733297467
2023-08-16,"Email","@frank_chat","Fun weekend!",0.402509230189025
2023-08-13,"Twitter","@frank_chat","Hello everyone!",-0.42609641328454
2023-08-04,"Twitter","@bob_tweets","Hello everyone!",-0.774547358509153
2023-08-16,"Twitter","@erin_tweets","Team meeting",-0.674190784338862
2023-08-11,"Slack","@frank_chat","Need assistance",0.23572479467839
2023-08-15,"Slack","@frank_chat","Hello everyone!",0.0584497675299644
2023-08-20,"Email","@frank_chat","Team meeting",-0.993759493809193
2023-08-06,"Slack","dave@example","Team meeting",-0.536957864649594
2023-08-05,"Twitter","dave@example","Team meeting",0.779166286811233
2023-08-07,"Slack","alice@example","Team meeting",0.569526525679976
2023-08-06,"Email","@erin_tweets","Need assistance",0.664381829090416
2023-08-07,"Slack","dave@example","Need assistance",-0.718395419884473
2023-08-09,"Twitter","@bob_tweets","Team meeting",0.526457346044481
2023-08-06,"Email","@bob_tweets","Great work!",-0.400677141733468
2023-08-17,"Twitter","@frank_chat","Team meeting",-0.232014328241348
2023-08-15,"Twitter","alice@example","Exciting news!",0.153143481817096
2023-08-01,"Twitter","@bob_tweets","Hello everyone!",-0.918783627450466
2023-08-09,"Email","@bob_tweets","Fun weekend!",-0.37579483538866
2023-08-05,"Twitter","dave@example","Fun weekend!",-0.0215543149970472
2023-08-10,"Slack","@erin_tweets","Need assistance",0.0868446328677237
2023-08-16,"Slack","dave@example","Need assistance",0.484403750859201
2023-08-07,"Email","@bob_tweets","Team meeting",-0.423585835378617
2023-08-07,"Email","dave@example","Exciting news!",-0.18457783292979
2023-08-18,"Email","dave@example","Hello everyone!",0.978220029268414
2023-08-17,"Twitter","@frank_chat","Fun weekend!",-0.624432764481753
2023-08-15,"Twitter","carol_slack","Team meeting",0.498292263131589
2023-08-13,"Twitter","carol_slack","Exciting news!",0.771407587453723
2023-08-12,"Email","dave@example","Fun weekend!",0.650773502886295
2023-08-19,"Twitter","alice@example","Need assistance",0.14381024427712
2023-08-19,"Twitter","@erin_tweets","Team meeting",0.945942261256278
2023-08-12,"Slack","dave@example","Exciting news!",0.563268560450524
2023-08-17,"Email","dave@example","Fun weekend!",-0.173903827555478
2023-08-07,"Email","@frank_chat","Team meeting",0.192018484231085
2023-08-16,"Email","carol_slack","Hello everyone!",-0.0296106934547424
2023-08-08,"Email","alice@example","Exciting news!",0.72325182845816
2023-08-07,"Email","@bob_tweets","Exciting news!",-0.616928389295936
2023-08-01,"Twitter","@erin_tweets","Hello everyone!",0.5243208585307
2023-08-07,"Email","dave@example","Great work!",-0.359934055246413
2023-08-11,"Slack","@frank_chat","Great work!",0.431652104016393
2023-08-04,"Twitter","carol_slack","Exciting news!",-0.615862964652479
2023-08-11,"Email","@erin_tweets","Great work!",-0.0494987042620778
2023-08-19,"Twitter","alice@example","Fun weekend!",-0.111042332835495
2023-08-03,"Email","carol_slack","Need assistance",0.247236021794379
2023-08-09,"Email","@erin_tweets","Fun weekend!",0.237909144256264
2023-08-19,"Email","@frank_chat","Team meeting",-0.94304993795231
2023-08-08,"Email","@frank_chat","Great work!",0.362224978860468
2023-08-14,"Slack","dave@example","Great work!",0.538406651932746
2023-08-19,"Email","dave@example","Great work!",-0.336303487420082
2023-08-12,"Slack","alice@example","Need assistance",0.454688824247569
2023-08-11,"Slack","@frank_chat","Team meeting",-0.642315469682217
2023-08-14,"Twitter","@bob_tweets","Exciting news!",0.754322437103838
2023-08-10,"Slack","alice@example","Need assistance",-0.236316589638591
2023-08-19,"Email","@erin_tweets","Fun weekend!",0.149510737974197
2023-08-09,"Twitter","alice@example","Hello everyone!",0.762754925061017
2023-08-14,"Twitter","@bob_tweets","Hello everyone!",0.250149150844663
2023-08-08,"Email","@bob_tweets","Need assistance",-0.249764987733215
2023-08-04,"Slack","@bob_tweets","Hello everyone!",-0.161284720525146
2023-08-05,"Twitter","alice@example","Team meeting",0.0822497424669564
2023-08-13,"Twitter","@erin_tweets","Great work!",-0.956337987910956
2023-08-15,"Email","@frank_chat","Great work!",0.120376799721271
2023-08-08,"Twitter","@frank_chat","Fun weekend!",-0.673607848584652
2023-08-15,"Slack","@erin_tweets","Team meeting",0.457860830705613
2023-08-08,"Email","@erin_tweets","Need assistance",-0.775436827912927
2023-08-10,"Slack","dave@example","Exciting news!",0.532747217919677
2023-08-18,"Slack","@frank_chat","Team meeting",-0.134102609474212
2023-08-20,"Twitter","alice@example","Fun weekend!",-0.436848104931414
2023-08-18,"Email","alice@example","Need assistance",0.275121063459665
2023-08-12,"Email","@erin_tweets","Need assistance",0.866607873234898
2023-08-10,"Slack","@bob_tweets","Exciting news!",0.0272526708431542
2023-08-07,"Slack","dave@example","Exciting news!",-0.823877914343029
2023-08-19,"Twitter","alice@example","Team meeting",-0.299451457336545
2023-08-20,"Twitter","dave@example","Exciting news!",-0.542942688800395
2023-08-04,"Slack","dave@example","Fun weekend!",0.796501584351063
2023-08-20,"Slack","@bob_tweets","Team meeting",-0.118006961420178
2023-08-04,"Email","@erin_tweets","Need assistance",-0.0700942547991872
2023-08-18,"Twitter","@bob_tweets","Fun weekend!",0.590919482521713
2023-08-01,"Twitter","dave@example","Hello everyone!",0.530999277718365
2023-08-17,"Twitter","alice@example","Hello everyone!",0.582868761848658
2023-08-12,"Slack","carol_slack","Need assistance",-0.919222645461559
2023-08-18,"Twitter","@frank_chat","Team meeting",0.818109252490103
2023-08-10,"Email","@bob_tweets","Exciting news!",0.6645752559416
2023-08-18,"Email","dave@example","Exciting news!",-0.768564025405794
2023-08-20,"Slack","carol_slack","Great work!",-0.595158034004271
2023-08-06,"Slack","alice@example","Need assistance",0.0370423402637243
2023-08-14,"Twitter","dave@example","Fun weekend!",-0.0644430913962424
2023-08-13,"Email","@erin_tweets","Fun weekend!",0.496487775817513
2023-08-14,"Twitter","@frank_chat","Team meeting",0.499737595207989
2023-08-17,"Twitter","alice@example","Hello everyone!",-0.605858998373151
2023-08-03,"Email","@frank_chat","Hello everyone!",0.488557914737612
2023-08-07,"Twitter","@frank_chat","Great work!",-0.823533585295081
2023-08-15,"Twitter","@frank_chat","Hello everyone!",0.384222084190696
2023-08-15,"Email","alice@example","Team meeting",0.176413530949503
2023-08-10,"Email","@frank_chat","Hello everyone!",0.0515835280530155
2023-08-02,"Slack","alice@example","Fun weekend!",-0.48500388674438
2023-08-01,"Slack","@erin_tweets","Team meeting",0.0315971355885267
2023-08-15,"Email","@frank_chat","Need assistance",-0.438784983474761
2023-08-09,"Email","@bob_tweets","Hello everyone!",0.703965932596475
2023-08-16,"Slack","dave@example","Fun weekend!",0.438361928332597
2023-08-14,"Email","@bob_tweets","Hello everyone!",0.498191034886986
2023-08-04,"Twitter","dave@example","Fun weekend!",-0.495438305661082
2023-08-20,"Slack","@frank_chat","Great work!",0.606102685909718
2023-08-07,"Email","@frank_chat","Hello everyone!",-0.143556184601039
2023-08-02,"Twitter","carol_slack","Hello everyone!",0.450987420976162
2023-08-05,"Slack","carol_slack","Great work!",0.470731148030609
2023-08-07,"Email","dave@example","Fun weekend!",-0.735883705317974
2023-08-15,"Slack","@frank_chat","Great work!",0.960373470094055
2023-08-19,"Email","@bob_tweets","Team meeting",0.855612874496728
2023-08-02,"Slack","@bob_tweets","Exciting news!",0.365244867745787
2023-08-01,"Slack","@bob_tweets","Exciting news!",-0.0247439402155578
2023-08-01,"Email","@frank_chat","Fun weekend!",-0.797102703712881
2023-08-07,"Twitter","alice@example","Team meeting",-0.365139902103692
2023-08-15,"Email","alice@example","Need assistance",-0.264464825391769
2023-08-08,"Slack","@erin_tweets","Need assistance",-0.461871512234211
2023-08-18,"Twitter","carol_slack","Need assistance",-0.107154120691121
2023-08-17,"Email","@frank_chat","Team meeting",-0.229243480134755
2023-08-17,"Twitter","dave@example","Need assistance",-0.0355256553739309
2023-08-10,"Email","@bob_tweets","Team meeting",0.253805156331509
2023-08-15,"Twitter","@frank_chat","Need assistance",0.344264537096024
2023-08-12,"Twitter","@bob_tweets","Great work!",-0.405934576876462
2023-08-13,"Twitter","@erin_tweets","Great work!",0.515643026679754
2023-08-17,"Twitter","@erin_tweets","Hello everyone!",-0.606922586448491
2023-08-02,"Twitter","carol_slack","Hello everyone!",0.173851237632334
2023-08-10,"Slack","@frank_chat","Exciting news!",0.769946682266891
2023-08-06,"Email","@erin_tweets","Hello everyone!",-0.172054262831807
2023-08-04,"Email","carol_slack","Need assistance",0.188933107070625
2023-08-06,"Email","dave@example","Hello everyone!",-0.987261284608394
2023-08-03,"Twitter","alice@example","Need assistance",0.747163485269994
2023-08-14,"Twitter","@frank_chat","Fun weekend!",-0.672147053759545
2023-08-09,"Twitter","alice@example","Exciting news!",-0.792284821160138
2023-08-12,"Email","alice@example","Exciting news!",0.0634752721525729
2023-08-13,"Twitter","alice@example","Great work!",-0.0261412598192692
2023-08-05,"Email","@erin_tweets","Great work!",0.830162693280727
2023-08-15,"Email","carol_slack","Fun weekend!",-0.141636564861983
2023-08-12,"Twitter","@erin_tweets","Fun weekend!",0.0383305051364005
2023-08-04,"Twitter","alice@example","Fun weekend!",-0.693275108933449
2023-08-05,"Slack","@bob_tweets","Need assistance",0.29160512983799
2023-08-19,"Twitter","dave@example","Need assistance",-0.115035673137754
2023-08-02,"Twitter","carol_slack","Need assistance",0.215954024810344
2023-08-08,"Email","alice@example","Great work!",-0.0689239199273288
2023-08-10,"Twitter","@frank_chat","Team meeting",-0.289186294190586
2023-08-10,"Twitter","carol_slack","Exciting news!",0.0308494823984802
2023-08-15,"Twitter","dave@example","Fun weekend!",0.345517721027136
2023-08-14,"Email","@bob_tweets","Need assistance",0.330107940826565
2023-08-13,"Email","alice@example","Hello everyone!",0.0427419608458877
2023-08-06,"Slack","carol_slack","Exciting news!",-0.63336827326566
2023-08-19,"Slack","@erin_tweets","Great work!",-0.725357866380364
2023-08-03,"Slack","@erin_tweets","Team meeting",-0.812502595130354
2023-08-08,"Twitter","@bob_tweets","Great work!",0.564973874017596
2023-08-13,"Twitter","dave@example","Fun weekend!",-0.0429344139993191
2023-08-17,"Slack","carol_slack","Fun weekend!",0.169502832461149
2023-08-12,"Email","alice@example","Great work!",0.383860287256539
2023-08-06,"Slack","@bob_tweets","Fun weekend!",-0.895003282930702
2023-08-06,"Twitter","dave@example","Fun weekend!",0.00567110860720277
2023-08-08,"Email","@frank_chat","Need assistance",-0.992002848535776
2023-08-06,"Email","@erin_tweets","Hello everyone!",0.905330023728311
2023-08-16,"Email","@frank_chat","Fun weekend!",-0.552409418392926
2023-08-07,"Slack","@erin_tweets","Team meeting",-0.780283806845546
2023-08-14,"Email","@erin_tweets","Fun weekend!",-0.835450725164264
2023-08-08,"Twitter","alice@example","Great work!",-0.236779108177871
2023-08-09,"Twitter","dave@example","Great work!",-0.495721815153956
2023-08-01,"Twitter","carol_slack","Great work!",0.406890229787678
2023-08-08,"Twitter","alice@example","Team meeting",0.870818266179413
2023-08-14,"Email","dave@example","Fun weekend!",0.304697359446436
2023-08-03,"Slack","@frank_chat","Exciting news!",0.591279314365238
2023-08-15,"Slack","@frank_chat","Fun weekend!",0.816346027422696
2023-08-14,"Email","@erin_tweets","Hello everyone!",-0.446434771176428
2023-08-05,"Email","alice@example","Fun weekend!",0.347548682708293
2023-08-18,"Slack","@bob_tweets","Fun weekend!",0.56760351639241
2023-08-19,"Twitter","@frank_chat","Exciting news!",0.388266447931528
2023-08-15,"Twitter","@bob_tweets","Team meeting",-0.144443277735263
2023-08-01,"Email","@bob_tweets","Hello everyone!",0.90262374933809
2023-08-13,"Twitter","@frank_chat","Team meeting",-0.877922161482275
2023-08-06,"Slack","alice@example","Hello everyone!",0.710270590614527
2023-08-09,"Email","@bob_tweets","Hello everyone!",-0.725457436870784
2023-08-07,"Email","@bob_tweets","Team meeting",-0.232356975320727
2023-08-05,"Twitter","dave@example","Great work!",0.245927144307643
2023-08-02,"Twitter","@frank_chat","Need assistance",-0.115179491695017
2023-08-08,"Slack","alice@example","Hello everyone!",-0.812013249378651
2023-08-02,"Slack","carol_slack","Hello everyone!",0.805289558134973
2023-08-10,"Email","@frank_chat","Team meeting",-0.320194449275732
2023-08-14,"Slack","@bob_tweets","Hello everyone!",0.450289165601134
2023-08-18,"Email","carol_slack","Exciting news!",-0.54608890786767
2023-08-14,"Twitter","@bob_tweets","Great work!",-0.0185337672010064
2023-08-03,"Slack","carol_slack","Great work!",-0.777630201540887
2023-08-04,"Email","@bob_tweets","Fun weekend!",0.419715997762978
2023-08-11,"Twitter","@erin_tweets","Team meeting",-0.351081788074225
2023-08-04,"Twitter","@erin_tweets","Hello everyone!",-0.217646003235132
2023-08-10,"Slack","alice@example","Team meeting",0.425960287451744
2023-08-11,"Slack","@frank_chat","Team meeting",-0.203160496428609
2023-08-13,"Slack","alice@example","Need assistance",-0.100954488385469
2023-08-13,"Slack","carol_slack","Need assistance",0.886342320591211
2023-08-18,"Email","carol_slack","Need assistance",0.121493359096348
2023-08-09,"Slack","carol_slack","Hello everyone!",0.902016178239137
2023-08-02,"Twitter","alice@example","Need assistance",0.157653404399753
2023-08-13,"Slack","alice@example","Team meeting",-0.493501367978752
2023-08-09,"Email","dave@example","Team meeting",0.746085706166923
2023-08-12,"Twitter","alice@example","Exciting news!",-0.487793704960495
2023-08-06,"Email","carol_slack","Hello everyone!",0.0762760611250997
2023-08-08,"Twitter","alice@example","Fun weekend!",-0.329790549818426
2023-08-10,"Twitter","@frank_chat","Exciting news!",-0.149807400535792
2023-08-15,"Twitter","@erin_tweets","Need assistance",0.599532404448837
2023-08-03,"Email","@frank_chat","Great work!",-0.0226984638720751
2023-08-05,"Email","@erin_tweets","Exciting news!",-0.283369261771441
2023-08-16,"Slack","@frank_chat","Team meeting",-0.933677875902504
2023-08-16,"Slack","@frank_chat","Hello everyone!",-0.87839916953817
2023-08-11,"Slack","@bob_tweets","Great work!",0.0418718447908759
2023-08-07,"Slack","@bob_tweets","Great work!",-0.31124331895262
2023-08-12,"Email","@frank_chat","Exciting news!",0.777389106806368
2023-08-01,"Slack","@frank_chat","Hello everyone!",-0.572465386241674
2023-08-09,"Email","@frank_chat","Fun weekend!",-0.372473280411214
2023-08-12,"Twitter","dave@example","Need assistance",-0.713639749214053
2023-08-12,"Slack","carol_slack","Great work!",0.874556832015514
2023-08-17,"Slack","@frank_chat","Great work!",-0.700269639492035
2023-08-13,"Email","@frank_chat","Need assistance",0.935812009032816
2023-08-08,"Slack","carol_slack","Exciting news!",0.0551176401786506
2023-08-10,"Slack","@bob_tweets","Fun weekend!",0.957983018830419
2023-08-09,"Slack","alice@example","Exciting news!",-0.539138245861977
2023-08-05,"Twitter","alice@example","Exciting news!",0.722319741267711
2023-08-15,"Twitter","@erin_tweets","Hello everyone!",0.768580467905849
2023-08-14,"Slack","@frank_chat","Exciting news!",-0.0549108139239252
2023-08-05,"Twitter","dave@example","Great work!",0.544805384241045
2023-08-02,"Twitter","carol_slack","Exciting news!",-0.693217810709029
2023-08-18,"Slack","@bob_tweets","Hello everyone!",-0.164491391740739
2023-08-08,"Email","@erin_tweets","Fun weekend!",0.378708432428539
2023-08-12,"Email","@frank_chat","Need assistance",0.544408341404051
2023-08-09,"Twitter","@bob_tweets","Exciting news!",0.605349668301642
2023-08-16,"Twitter","alice@example","Exciting news!",0.696509591769427
2023-08-13,"Twitter","@frank_chat","Hello everyone!",-0.694118693005294
2023-08-08,"Email","@erin_tweets","Fun weekend!",0.734125260263681
2023-08-03,"Email","@frank_chat","Great work!",-0.222633558791131
2023-08-14,"Email","alice@example","Great work!",-0.111933966632932
2023-08-06,"Email","@bob_tweets","Great work!",-0.41704169055447
2023-08-12,"Email","dave@example","Great work!",-0.841218560934067
2023-08-03,"Slack","@erin_tweets","Need assistance",-0.173975688405335
2023-08-12,"Email","@frank_chat","Fun weekend!",-0.102208237163723
2023-08-15,"Email","dave@example","Need assistance",0.773382573388517
2023-08-14,"Slack","@erin_tweets","Hello everyone!",0.605556315742433
2023-08-20,"Email","alice@example","Fun weekend!",0.851679420098662
2023-08-07,"Email","@bob_tweets","Exciting news!",0.244900235440582
2023-08-10,"Twitter","dave@example","Great work!",-0.505026446655393
2023-08-13,"Slack","@erin_tweets","Need assistance",-0.544543609023094
2023-08-12,"Slack","@bob_tweets","Fun weekend!",0.990166280884296
2023-08-20,"Email","@frank_chat","Team meeting",0.560076172929257
2023-08-09,"Slack","carol_slack","Hello everyone!",-0.289897253736854
2023-08-03,"Email","alice@example","Hello everyone!",0.713812393136322
2023-08-08,"Twitter","@erin_tweets","Fun weekend!",0.191519982181489
2023-08-13,"Slack","carol_slack","Great work!",0.460303653031588
2023-08-10,"Slack","@erin_tweets","Need assistance",0.0375888752751052
2023-08-05,"Twitter","carol_slack","Hello everyone!",0.130742100067437
2023-08-15,"Email","@bob_tweets","Team meeting",-0.801572198513895
2023-08-14,"Slack","@erin_tweets","Exciting news!",-0.736287750769407
2023-08-18,"Slack","@bob_tweets","Team meeting",0.403409261256456
2023-08-07,"Slack","alice@example","Great work!",0.580541194416583
2023-08-13,"Email","dave@example","Great work!",0.550955762155354
2023-08-11,"Twitter","@frank_chat","Team meeting",-0.303564250003546
2023-08-14,"Email","carol_slack","Exciting news!",0.596924394834787
2023-08-02,"Twitter","@bob_tweets","Need assistance",-0.281915764324367
2023-08-19,"Twitter","carol_slack","Team meeting",0.578111817128956
2023-08-14,"Twitter","dave@example","Need assistance",-0.273263505194336
2023-08-13,"Email","@frank_chat","Great work!",-0.693289580289274
2023-08-18,"Slack","@erin_tweets","Hello everyone!",-0.395961934234947
2023-08-15,"Twitter","@erin_tweets","Need assistance",0.787741329986602
2023-08-01,"Twitter","@frank_chat","Need assistance",-0.970480602700263
2023-08-03,"Slack","alice@example","Fun weekend!",0.542070733383298
2023-08-07,"Slack","@bob_tweets","Need assistance",0.25110222119838
2023-08-01,"Slack","@frank_chat","Team meeting",-0.113114945590496
2023-08-08,"Email","alice@example","Hello everyone!",-0.666331346612424
2023-08-01,"Email","@bob_tweets","Team meeting",0.783531985711306
2023-08-05,"Slack","dave@example","Great work!",0.0181695595383644
2023-08-02,"Email","@frank_chat","Fun weekend!",0.129630754236132
2023-08-08,"Slack","@erin_tweets","Team meeting",0.849549760576338
2023-08-11,"Twitter","carol_slack","Great work!",0.782265474554151
2023-08-12,"Email","alice@example","Exciting news!",-0.99586155032739
2023-08-11,"Slack","@bob_tweets","Great work!",-0.549234209116548
2023-08-03,"Email","@frank_chat","Fun weekend!",0.992682931944728
2023-08-08,"Twitter","carol_slack","Exciting news!",0.614791795611382
2023-08-01,"Twitter","@erin_tweets","Hello everyone!",-0.325806037057191
2023-08-10,"Slack","@bob_tweets","Exciting news!",-0.873230108525604
2023-08-12,"Email","alice@example","Team meeting",0.255163795314729
2023-08-16,"Email","carol_slack","Hello everyone!",-0.851052538026124
2023-08-10,"Twitter","@erin_tweets","Great work!",0.181200764607638
2023-08-09,"Email","@frank_chat","Hello everyone!",-0.633588556200266
2023-08-01,"Twitter","@frank_chat","Great work!",0.159243134316057
2023-08-15,"Slack","dave@example","Great work!",-0.481857921462506
2023-08-19,"Twitter","alice@example","Hello everyone!",-0.378329881001264
2023-08-04,"Twitter","@frank_chat","Exciting news!",0.795437461230904
2023-08-16,"Twitter","@bob_tweets","Great work!",-0.674055766314268
2023-08-07,"Slack","dave@example","Hello everyone!",0.747580624185503
2023-08-14,"Twitter","carol_slack","Need assistance",0.739025190006942
2023-08-15,"Slack","@frank_chat","Hello everyone!",-0.508614742197096
2023-08-14,"Twitter","@bob_tweets","Exciting news!",0.671785707585514
2023-08-10,"Slack","alice@example","Need assistance",-0.917325705755502
2023-08-09,"Twitter","@erin_tweets","Need assistance",-0.600080753676593
2023-08-11,"Email","@bob_tweets","Great work!",-0.539260620716959
2023-08-02,"Slack","carol_slack","Great work!",0.0667850659228861
2023-08-15,"Twitter","carol_slack","Team meeting",-0.0740921483375132
2023-08-06,"Twitter","@bob_tweets","Exciting news!",0.979591473005712
2023-08-07,"Slack","@bob_tweets","Need assistance",-0.846264025196433
2023-08-15,"Slack","@erin_tweets","Hello everyone!",-0.562214841600507
2023-08-15,"Email","@frank_chat","Fun weekend!",0.535877907648683
2023-08-13,"Slack","dave@example","Hello everyone!",-0.945477226283401
2023-08-12,"Twitter","@erin_tweets","Need assistance",-0.329706851858646
2023-08-19,"Twitter","@bob_tweets","Hello everyone!",0.420571170281619
2023-08-19,"Twitter","@frank_chat","Exciting news!",0.221380584407598
2023-08-06,"Twitter","carol_slack","Fun weekend!",0.39420016342774
2023-08-11,"Slack","carol_slack","Team meeting",0.921573295723647
2023-08-12,"Slack","carol_slack","Team meeting",0.504667452536523
2023-08-13,"Slack","alice@example","Team meeting",-0.927027793601155
2023-08-14,"Email","@bob_tweets","Team meeting",-0.996662613004446
2023-08-09,"Slack","@erin_tweets","Fun weekend!",0.525517231784761
2023-08-17,"Slack","alice@example","Great work!",-0.853163923602551
2023-08-09,"Slack","carol_slack","Hello everyone!",0.346090994309634
2023-08-06,"Slack","@erin_tweets","Exciting news!",0.063273370731622
2023-08-19,"Slack","@frank_chat","Team meeting",-0.887928674928844
2023-08-17,"Twitter","@frank_chat","Team meeting",-0.608078998047858
2023-08-10,"Email","@erin_tweets","Hello everyone!",0.0639334581792355
2023-08-12,"Twitter","@bob_tweets","Fun weekend!",0.226440191734582
2023-08-18,"Slack","alice@example","Great work!",-0.114574431441724
2023-08-17,"Twitter","carol_slack","Need assistance",-0.0659703356213868
2023-08-10,"Slack","@frank_chat","Hello everyone!",0.672468294855207
2023-08-12,"Email","alice@example","Exciting news!",-0.616592484060675
2023-08-04,"Slack","@frank_chat","Need assistance",0.165087673347443
2023-08-13,"Email","@bob_tweets","Exciting news!",0.553149405866861
2023-08-04,"Email","@bob_tweets","Fun weekend!",-0.953222216572613
2023-08-09,"Email","alice@example","Fun weekend!",0.893210485577583
2023-08-11,"Twitter","alice@example","Hello everyone!",-0.120084891561419
2023-08-08,"Slack","@erin_tweets","Hello everyone!",-0.568787924014032
2023-08-11,"Email","alice@example","Team meeting",-0.641849057748914
2023-08-18,"Twitter","alice@example","Fun weekend!",0.977650214917958
2023-08-16,"Slack","@frank_chat","Fun weekend!",0.269629325252026
2023-08-06,"Slack","carol_slack","Need assistance",0.572155187372118
2023-08-04,"Slack","@frank_chat","Fun weekend!",-0.530567506793886
2023-08-14,"Twitter","dave@example","Fun weekend!",-0.998980225529522
2023-08-09,"Twitter","@frank_chat","Hello everyone!",0.649366589728743
2023-08-12,"Email","carol_slack","Team meeting",-0.492082868237048
2023-08-03,"Slack","alice@example","Need assistance",0.135939530096948
2023-08-07,"Slack","dave@example","Hello everyone!",0.593321667518467
2023-08-18,"Twitter","dave@example","Great work!",-0.160749977454543
2023-08-20,"Slack","carol_slack","Fun weekend!",0.23191588697955
2023-08-03,"Email","alice@example","Fun weekend!",0.3123838333413
2023-08-14,"Slack","@bob_tweets","Team meeting",-0.709024121984839
2023-08-18,"Twitter","@bob_tweets","Fun weekend!",0.866654205601662
2023-08-03,"Email","alice@example","Hello everyone!",-0.440484573598951
2023-08-12,"Twitter","carol_slack","Team meeting",0.704733794555068
2023-08-10,"Twitter","carol_slack","Great work!",0.268422756809741
2023-08-18,"Slack","@bob_tweets","Fun weekend!",-0.898072343319654
2023-08-19,"Email","@frank_chat","Great work!",0.463513045571744
2023-08-03,"Email","carol_slack","Need assistance",-0.161143415141851
2023-08-19,"Email","alice@example","Hello everyone!",-0.0408385503105819
2023-08-11,"Slack","@frank_chat","Fun weekend!",0.312006338033825
2023-08-20,"Slack","@bob_tweets","Hello everyone!",0.520647362340242
2023-08-05,"Twitter","@bob_tweets","Exciting news!",-0.798021044116467
2023-08-14,"Twitter","alice@example","Great work!",-0.652119522448629
2023-08-10,"Email","@bob_tweets","Exciting news!",-0.286527870688587
2023-08-10,"Twitter","@erin_tweets","Great work!",0.282790714874864
2023-08-07,"Twitter","@erin_tweets","Great work!",-0.597466530743986
2023-08-03,"Slack","@frank_chat","Hello everyone!",0.368215032853186
2023-08-08,"Slack","@erin_tweets","Need assistance",0.59330241009593
2023-08-16,"Slack","@erin_tweets","Exciting news!",-0.113282132893801
2023-08-12,"Email","carol_slack","Need assistance",0.937844194006175
2023-08-10,"Email","@frank_chat","Fun weekend!",-0.52087687747553
2023-08-19,"Email","@erin_tweets","Great work!",0.570171806495637
2023-08-19,"Email","dave@example","Team meeting",-0.52881549205631
2023-08-05,"Email","@bob_tweets","Hello everyone!",0.725036937277764
2023-08-05,"Twitter","carol_slack","Hello everyone!",-0.279889457859099
2023-08-12,"Twitter","carol_slack","Fun weekend!",-0.455487390048802
2023-08-03,"Twitter","@bob_tweets","Hello everyone!",0.401231622323394
2023-08-19,"Twitter","@erin_tweets","Exciting news!",0.638825124129653
2023-08-05,"Email","alice@example","Hello everyone!",-0.822144668083638
2023-08-07,"Slack","@bob_tweets","Hello everyone!",-0.160779689438641
2023-08-14,"Twitter","@bob_tweets","Fun weekend!",0.567614020314068
2023-08-11,"Twitter","@erin_tweets","Need assistance",-0.102778860367835
2023-08-04,"Twitter","@bob_tweets","Exciting news!",0.0537840132601559
2023-08-07,"Slack","@bob_tweets","Fun weekend!",-0.511013609822839
2023-08-10,"Twitter","dave@example","Team meeting",-0.879799920134246
2023-08-06,"Slack","@erin_tweets","Great work!",-0.387922953814268
2023-08-10,"Slack","dave@example","Exciting news!",-0.750027833040804
2023-08-01,"Slack","@bob_tweets","Need assistance",-0.614020257722586
2023-08-17,"Email","@frank_chat","Exciting news!",-0.770805089734495
2023-08-15,"Twitter","carol_slack","Hello everyone!",-0.63826603628695
2023-08-16,"Twitter","dave@example","Team meeting",0.796688538510352
2023-08-13,"Slack","carol_slack","Hello everyone!",-0.416070993058383
2023-08-03,"Slack","@bob_tweets","Great work!",0.884830707218498
2023-08-14,"Twitter","alice@example","Great work!",-0.232635738328099
2023-08-01,"Twitter","@erin_tweets","Exciting news!",0.423581859562546
2023-08-05,"Email","alice@example","Need assistance",0.694902050774544
2023-08-14,"Slack","alice@example","Hello everyone!",-0.798660460393876
2023-08-07,"Twitter","@bob_tweets","Great work!",-0.389785778243095
2023-08-12,"Email","alice@example","Need assistance",0.120129854883999
2023-08-14,"Slack","alice@example","Hello everyone!",-0.691606674809009
2023-08-07,"Slack","@bob_tweets","Great work!",0.872962321154773
2023-08-05,"Twitter","@erin_tweets","Fun weekend!",0.619198538828641
2023-08-01,"Email","carol_slack","Great work!",0.605523043312132
2023-08-14,"Email","dave@example","Hello everyone!",-0.359136123210192
2023-08-16,"Email","@bob_tweets","Great work!",-0.351176404394209
2023-08-08,"Twitter","dave@example","Need assistance",0.911442755721509
2023-08-13,"Email","alice@example","Need assistance",0.596431601326913
2023-08-01,"Twitter","carol_slack","Great work!",-0.311684014741331
2023-08-09,"Email","@frank_chat","Fun weekend!",-0.78911967203021
2023-08-19,"Slack","@frank_chat","Team meeting",-0.472906698007137
2023-08-19,"Slack","dave@example","Team meeting",-0.789976987056434
2023-08-06,"Slack","@bob_tweets","Need assistance",0.743181323166937
2023-08-01,"Email","@frank_chat","Team meeting",-0.307752223219723
2023-08-01,"Email","dave@example","Great work!",-0.948017055168748
2023-08-05,"Email","@frank_chat","Team meeting",0.611721705179662
2023-08-06,"Email","@erin_tweets","Hello everyone!",-0.318016797769815
2023-08-11,"Slack","@erin_tweets","Team meeting",-0.893834382295609
2023-08-20,"Email","carol_slack","Team meeting",0.0823438572697341
2023-08-03,"Slack","@erin_tweets","Need assistance",-0.600851388182491
2023-08-18,"Slack","@bob_tweets","Team meeting",0.192284769844264
2023-08-10,"Email","dave@example","Need assistance",0.834841502830386
2023-08-17,"Twitter","@bob_tweets","Great work!",0.401612312998623
2023-08-08,"Slack","@erin_tweets","Team meeting",0.0688649448566139
2023-08-20,"Twitter","@frank_chat","Exciting news!",0.30789867695421
2023-08-07,"Twitter","@bob_tweets","Great work!",-0.548428072128445
2023-08-15,"Slack","alice@example","Need assistance",0.89972811890766
2023-08-08,"Email","carol_slack","Great work!",0.710615378338844
2023-08-14,"Email","@erin_tweets","Fun weekend!",0.0354762640781701
2023-08-01,"Twitter","@frank_chat","Need assistance",-0.00309433881193399
2023-08-10,"Twitter","@frank_chat","Fun weekend!",-0.528116654604673
2023-08-20,"Twitter","dave@example","Great work!",-0.124954135157168
2023-08-10,"Slack","@frank_chat","Need assistance",0.626154713798314
2023-08-02,"Slack","carol_slack","Fun weekend!",0.0459784627892077
2023-08-09,"Email","dave@example","Fun weekend!",0.69849401479587
2023-08-10,"Slack","@frank_chat","Need assistance",-0.198273230809718
2023-08-13,"Email","@bob_tweets","Hello everyone!",0.264306293800473
2023-08-05,"Slack","@erin_tweets","Fun weekend!",-0.240693054627627
2023-08-20,"Email","dave@example","Team meeting",-0.0754251359030604
2023-08-15,"Twitter","alice@example","Great work!",0.798867194447666
2023-08-18,"Slack","alice@example","Fun weekend!",-0.0888874153606594
2023-08-12,"Twitter","@erin_tweets","Need assistance",0.298994374461472
2023-08-17,"Twitter","alice@example","Exciting news!",0.968932203948498
2023-08-10,"Slack","dave@example","Great work!",0.746216160710901
2023-08-10,"Slack","alice@example","Team meeting",-0.939407335128635
2023-08-02,"Slack","@bob_tweets","Great work!",-0.666475324425846
2023-08-10,"Twitter","carol_slack","Need assistance",0.809991530608386
2023-08-09,"Slack","dave@example","Need assistance",0.662048494443297
2023-08-18,"Twitter","alice@example","Hello everyone!",-0.936083394568413
2023-08-01,"Email","carol_slack","Great work!",-0.389590031933039
2023-08-11,"Email","carol_slack","Fun weekend!",0.355941510293633
2023-08-03,"Slack","@erin_tweets","Need assistance",0.896539724431932
2023-08-20,"Email","alice@example","Hello everyone!",-0.555095884483308
2023-08-17,"Email","dave@example","Team meeting",-0.0477119353599846
2023-08-13,"Twitter","dave@example","Exciting news!",-0.618614706676453
2023-08-13,"Twitter","carol_slack","Fun weekend!",-0.412842806894332
2023-08-04,"Email","@bob_tweets","Great work!",-0.251496902201325
2023-08-16,"Email","@bob_tweets","Need assistance",-0.459899545181543
2023-08-17,"Twitter","carol_slack","Need assistance",-0.101536875125021
2023-08-06,"Twitter","carol_slack","Exciting news!",-0.329569053370506
2023-08-01,"Slack","alice@example","Exciting news!",0.350437744986266
2023-08-08,"Email","alice@example","Exciting news!",0.529548994731158
2023-08-13,"Twitter","alice@example","Great work!",-0.806566572748125
2023-08-06,"Slack","carol_slack","Exciting news!",-0.249575844034553
2023-08-08,"Email","@erin_tweets","Hello everyone!",-0.064463818911463
2023-08-20,"Slack","@erin_tweets","Hello everyone!",-0.357717138249427
2023-08-01,"Twitter","@frank_chat","Need assistance",-0.696885624434799
2023-08-02,"Slack","dave@example","Exciting news!",-0.662697270978242
2023-08-11,"Email","dave@example","Need assistance",0.0604860349558294
2023-08-11,"Slack","@erin_tweets","Great work!",-0.704862314276397
2023-08-05,"Slack","@frank_chat","Need assistance",-0.129298556130379
2023-08-07,"Email","@bob_tweets","Fun weekend!",0.0792457363568246
2023-08-20,"Twitter","carol_slack","Hello everyone!",0.640248995739967
2023-08-01,"Slack","dave@example","Need assistance",-0.988749138545245
2023-08-09,"Email","@erin_tweets","Need assistance",0.953375103417784
2023-08-12,"Slack","carol_slack","Need assistance",-0.0440294840373099
2023-08-19,"Slack","alice@example","Exciting news!",0.502961814869195
2023-08-17,"Twitter","carol_slack","Exciting news!",-0.237763272132725
2023-08-11,"Twitter","@frank_chat","Hello everyone!",0.807257727254182
2023-08-17,"Twitter","@erin_tweets","Team meeting",-0.666378770489246
2023-08-06,"Email","dave@example","Need assistance",0.492307736072689
2023-08-10,"Email","@frank_chat","Exciting news!",-0.0107675241306424
2023-08-18,"Email","@bob_tweets","Need assistance",0.453627230133861
2023-08-07,"Slack","carol_slack","Great work!",0.93758637085557
2023-08-09,"Email","@frank_chat","Team meeting",-0.712716470938176
2023-08-18,"Twitter","@bob_tweets","Great work!",-0.839583620429039
2023-08-06,"Twitter","dave@example","Team meeting",0.165403600782156
2023-08-02,"Slack","@erin_tweets","Great work!",-0.887057792861015
2023-08-17,"Email","@frank_chat","Need assistance",-0.837423525750637
2023-08-08,"Email","@frank_chat","Team meeting",0.778342899400741
2023-08-20,"Twitter","@erin_tweets","Exciting news!",0.131818828172982
2023-08-02,"Twitter","@erin_tweets","Need assistance",0.821079701185226
2023-08-08,"Slack","@erin_tweets","Exciting news!",0.0852807080373168
2023-08-01,"Email","@erin_tweets","Fun weekend!",0.203746784478426
2023-08-12,"Twitter","dave@example","Great work!",-0.462906253989786
2023-08-19,"Twitter","alice@example","Hello everyone!",0.857508210930973
2023-08-12,"Twitter","alice@example","Team meeting",0.582250813953578
2023-08-07,"Slack","@bob_tweets","Great work!",0.170066013932228
2023-08-08,"Twitter","alice@example","Great work!",0.552484958898276
2023-08-14,"Email","@erin_tweets","Great work!",-0.129584251902997
2023-08-13,"Email","@erin_tweets","Fun weekend!",0.418006040621549
2023-08-18,"Email","alice@example","Team meeting",-0.377541549503803
2023-08-10,"Twitter","dave@example","Fun weekend!",-0.363247766159475
2023-08-03,"Slack","@bob_tweets","Need assistance",0.496275814715773
2023-08-08,"Twitter","@bob_tweets","Need assistance",-0.716619522776455
2023-08-05,"Email","@bob_tweets","Team meeting",0.243233590386808
2023-08-17,"Slack","@erin_tweets","Hello everyone!",0.937329018022865
2023-08-03,"Slack","dave@example","Great work!",0.675534202251583
2023-08-07,"Slack","alice@example","Fun weekend!",0.8444559937343
2023-08-18,"Slack","@frank_chat","Great work!",-0.0710271019488573
2023-08-12,"Slack","@erin_tweets","Hello everyone!",-0.360894153825939
2023-08-10,"Email","@bob_tweets","Need assistance",-0.316063035279512
2023-08-14,"Slack","dave@example","Exciting news!",-0.531753783114254
2023-08-04,"Twitter","dave@example","Team meeting",-0.785379848908633
2023-08-05,"Twitter","@frank_chat","Hello everyone!",0.599585856311023
2023-08-12,"Twitter","alice@example","Exciting news!",0.874988237861544
2023-08-07,"Slack","carol_slack","Exciting news!",0.186763621866703
2023-08-08,"Slack","@erin_tweets","Fun weekend!",0.172925062011927
2023-08-03,"Email","@frank_chat","Hello everyone!",0.583445542491972
